channelId,channelTitle,Indice
UCm-br7GkJR2lLC74RcxOE_g,Date,0
UCHA7nav_7GnACDpLca3CoEA,Movie Digger,1
UCvz84_Q0BbvZThy75mbd-Dg,Zack D. Films,2
UCluBPogtFcb25J_lAEquHhw,Cartoon Home,3
UCwN6WZLeXWu37N8y-2w35mA,Mindlab,4
UCJPoi8zNQb4NNNz_5row-4w,Movie Cinema,5
UCs6um-skK0zCzp2Ds2IQp5g,Matthew Amy,6
UCPXSaShYiIXS2XeISCicXqg,Adrian,7
UCqFzWxSCi39LnW1JKFR3efg,Saturday Night Live,8
UCIyY_18YcA1wARixTX96qBw,Psycandy Underground,9
UCrPseYLGpNygVi34QpGNqpA,Ludwig,10
UCrnkVGy4jfo_qzBh5Wr3IuQ,Animated Goldmine,11
UCajd8wBB3ayNaVgqkQhs0sg,MSSP Hub,12
UCMY_6rqeZ8AYOJW_O4Ws6Mg,Medical House,13
UCYn7aV7fTvcxktIu7Fh9q2g,Theron996,14
UCA0PfV-19qRaRpWVCLdsHLQ,Mohammed Classic ,15
UCn_MzTa4Am75VSAHjbGD7lA,KF_editing_studio,16
UCgRHYxFhV_SjP1wBO6_OTuw,Binge Heroes,17
UCAncV2fEB-phVIMCESMCTvQ,Clip Colony,18
UCYMZpxeToYeVxKdNU7dcV_A,SpongeeMan,19
UCusImzfCu5DK_zhdrZaJHfw,HD Trivia,20
UCP45EebTGl1ISj2DX33A2Rg,Fanum Live,21
UChBGZi34UAE-Mw5-_JoA6-A,Martin Films,22
UCT_idQparWMxBTcug2ed-qA,CANCEL ME COMEDY,23
UChKoCiT0eebQ-844sQiihyQ,Ostrich Recap,24
UC3iwxKMRg5l2aDG_8XK2nSQ,The Mannii Show,25
UCKmmERguliWTynG9OIoDhDw,Law By Mike,26
UCKhqF8dCZM99CocnH-odYHw,Eric Movies Clips,27
UCS8fdPNO8SmYO3GoUmEuOag,ZacSpeaksGiant,28
UCqWz3yRAj-JbCFFCq0jms0Q,Wisemind,29
UCTnULr_MB6YuYeBC0WdQvHQ,Nemophilist,30
UCDa02TLDhPaH8sUOc7dVmrg,PineTV,31
UCLL25tIDVNT3ahWP20REZHQ,YellowRock,32
UCvVmWRN4y5qy8ssV5ZwqN1A,MatchaFilm,33
UCLZnFlEl_FgKKy01icOAxoQ,SmokeeBee,34
UCKu9FLfyAYmlQja0qNXu63A,Mosiah,35
UCOCJianR4VLyhuugNgMZUkw,Cinemasthetic,36
UCozJ0aIe6xasoYC4p8XOvcw,My Movie,37
UCby6ZYZsdNX0hvxfNizc0pg,Six Feet Under with Mark Calaway,38
UCw8SISrWk-FboA_WnRrc4kw,ClipVerse,39
UCyom2UA2ftfI2-JLN2zdGXg,DZMBR,40
UCyNsPTbcRQoI_RdjZoBiGaQ,Fire,41
UCkkA6t7xkD95npYIZ_is8Zw,Sumatica,42
UCVIEcvgw2q8Oq9rjwCuB_IQ,KYS Reactions: Exactly as recorded,43
UCpAH7Q2b5JAQSMTULGnI7dg,Futukoobration Clips ,44
UCsAT6ytJr-K1GzViLUzPtqw,Canada Devil,45
UCD6mBIpnABfPV5Gx5pqwo8w,LudwigMovies,46
UCGaO3wLV8_N1YFbMOtuaYqw,Dimension 20 Shorts,47
UCJ_waKl9kjbhfXI3LJOfHvA,the drama,48
UCX5Q-J1cTEGHIjQWBF13MmA,defendrow,49
UChFs0d8syPIK6x8q4C6BrJw,Nutshell Animations,50
UCT_QEGH0myu6lgbE_biQPuw,Drew Talbert,51
UCd5ApCORQsMOZZz5E9oVeFA,Alfredo Larin,52
UCrMabu7HclTiDf5ZAgjHxqQ,American High,53
UC0Zh1b-1vJiJqpXLD6FBkDA,TM chromatophilic,54
UCrtLDp_JdjepmL0ziCF7v1Q,Simpsons wow,55
UCasx4kxysejfupvP2brmXig,White Daddy House,56
UCSD4oURAMlqW1pbwUuRU9sw,Mr.Shorox,57
UCXmbU_9iZm2hWAZWVUy3kuQ,Alex Classic  ,58
UCdq1pK4Ewe6niThqjEN0p6A,keblaze,59
UCNrnx5h8mMjZEQqbbVXVMkA,LifeofLogos,60
UCvQ35id6_d0uUNUzPqAWqvg,Succesful Celebrity,61
UCNMg0ZGimrtVC2iUJxcMYAA,Eureka Reels,62
UCzybe_mMxv848rF6lrrNI2g,Coffey,63
UCz-OH0v7eBY2-KVPCxHLojg,Gwen Shorts,64
UC5CYHexPHhBavBtAnVWLQag,Sitcom Hub,65
UC6Ew8hwM-UU2c9Cfv1ODMig,Samuel Movie,66
UC2dWMpMtdv7gngjY8BPpJLw,Rhinoceros Movie,67
UCCyMRpic8eTJmtgs3_sBRtA,Danny's Filmhub,68
UC4PQqjGczpgmqbpicKjkwvw,Druski,69
UCKy1dAqELo0zrOtPkf0eTMw,IGN,70
UCZft8Ol-dMtguwam7bWItnw,BrodyAnimates,71
UCIwth2uQQRZzPKSflSLgk0g,VET Tv,72
UCqpNrZf35zrOiK4vzI1v6hw,DankScole,73
UCBuXWxpjIyvm6MSM5hXMxQA,Orange Movies,74
UCojWSp08LqMhqN4-Gn79K4g,BigMaxiBoxi,75
UCiHkQyzoaCTWFc4Acmpknlg,P2 9MXS,76
UCGuKDsKoK7aBbYEvXNKp2_g,Caroline Restatement,77
UCbFdKdoZeWd5mh9soNX9I4w,Binge Viral Clips,78
UCMEEC8zlPyCbwmtCnlOl1_Q,JR JAYY,79
UCng0vTdvLr3u1wuoyfLqaqg,SIMPLE.C10,80
UCshvWbtwJ5z8DfRArsxXYyg,San Movies ,81
UCylSSdB9eIs8w-cRtHZMREA,Miguel Caroline ,82
UC2ZUcriT2bWaHqhgLIeLLIQ,Promo24-7,83
UCtjitZkKk537mAP0v6z9Hng,ScreenGems,84
UCw7UAa-27Ne1ps9JUCynZLQ,Gabriel Classic,85
UCMh3v4KOrtoDKziO9d2qAHg,Agirlandadoodle,86
UCvUcTZ8x4xxE_hM-quyYu6w,Let's Watch,87
UCkCfG7i4uTFVp2-mgJmSb0w,LEGENDARY,88
UCG7BqcsAYc9C75iHMc5iPTA,Chistes josé Joao,89
UCxB-FLDInYpclh7C7AT10aw,Elfo House,90
UCIlqd-X929vWZIkMoG3H8Sw,Martin Clips,91
UCLBh_2tt_hFdiFekmlI6U2g,Brianna Movies,92
UCLTL2BJ2h-FkiKfOmFBrYFw,Thomas Movies,93
UC59Ied2j88dZUw7PzJa2-YA,Hew Moran,94
UCpMb_pfabjR1BuUMebtM4KQ,DaPlug,95
UCt0PorvEjHk91XbiTg5bH0w,BreakingBald,96
UC0b0EiEPwRewGAikHpjYTtA,Paul Jordin,97
UCu2X0reOWT4fYPX3voJ_bmA,Jane Williamson,98
UCNFT_eq_QCApMEwCACHto9Q,Speed McQueen ,99
UCPUBGZvy2t1V5MthV7pjBAA,itsQCP,100
UCiER8p540j2SosO7OX7E0VA,Legends of Avantris,101
UCaVFKuFQ4ApfwcBr-12sL0A,MissonMovieMoments,102
UCXbYlU08sOTBktOtjVsvR6w,ToRung,103
UCjdvPP6bIMctgtP4fa7XXvA,Outstanding Screenplays,104
UCsAMAOF4AMxFPAdBeiX7h6Q,Movies Universe,105
UCx5YHlRtMvg2NgQaQcMUeDQ,Brown DM,106
UCCuZ0r9pDMI8DwhtRV1fNhg,Danno Cal Drawings,107
UCq8e-sbPDisoWAWgv1wdtUA,TeriD,108
UCoJfvP-9f1Ztq_zb-i1TLzA,Clarity Clips,109
UC8rXxwwIYSk4lfPD_KJmK-A,Daddy Cartoons,110
UCLSW8aX9Hhkv9-LpBVRhFbw,The Living Artcade,111
UCqcOzx6P_BuF4oyvZsaPunw,ariki Anime,112
UCr69YQf6M8yeiYEeGjZ711Q,Theatre of the Unaligned,113
UC1EQXPSyMhU3GVfrsGg9-JA,Phil Valley,114
UCHKhGknxUStTRKLXBoXSbNg,Poppeace,115
UCdUl_bahs2CptEdW0us2TRA,Mappelz,116
UCd4R6Gq-yaa1-J1XfYcE-hQ,Spider Movie,117
UCzu8CMR8o5vF8yMLSZSkXFg,FlexxFlixx,118
UCoyVbUZN4mYeRhYGlWbKSkw,Simpsons Saga,119
UCjM-M-tIyKvu1TusOohiqTw,Simpsons Every Day,120
UC0P9pKFhs9RtrnSoRAj2f_g,MOVIE TART,121
UCJN5ATeKD3XBqc93znZtm4w,Encouraging Inspirational Words,122
UCchBatdUMZoMfJ3rIzgV84g,Viva La Dirt League,123
UCNwb4G1bW7PDMTWpA-s-sCA,GCR Designs,124
UCjbeif8Qkf4sVZG0QgY1qHg,Liam Lee,125
UCLVBmIrtn7DyTEDeVU3Id5w,Paul Movies House,126
UC2GhJfBa2P3ccu8bu1zRrdw,Kailah,127
UCRFSF9WS_g0wqm32kjJ-jNw,jacobweeby,128
UCQHGL7mNJ1f93WJ8U1wZG-A,Aliska Art ,129
UCObEO7ZvOPP1vbZMW5FkcxQ,Daddy Cooper,130
UConDa0_TOYfTDR3SrMTkjfg,Kingsley King,131
UCGq6eTi9tSwOoSR3I7iEE5Q,David Lucas,132
UClvGDD_RWs6yfzK8A_6OCMA,Cinematic Vibes,133
UCTBrVbt_oMwlfU3FfW772XQ,Jacques Ze Whipper,134
UCuaOBHj-80xvM7WHjC5J4Nw,Binge Ma'ampage,135
UCSLeawJdulNN51ZZE4_YPgg,Dion Movies Clips,136
UCuALfQGHNTaWvKWzxQX7nKQ,MC Squared90,137
UCGBVtwvzxkd2iX4JMaH_4Pg,Aykronik,138
UCtgSvfKUdRiHffYO-MrOczQ,Trizzy,139
UC8WUVP4GinwyR1wc5i_dmWQ,Anxiety couple,140
UCDYspjKOhtvrWXpseQRVnGA,JayNoHesi,141
UC4ORotFG894o67kkIUdjRkQ,Dutton's World,142
UCBaZGdG53JxD-3q2IDpaGJQ,April Movies,143
UCmXQs4aZSk4eL5MIimvwMVQ,Josiah Schneider,144
UCaamhxAHz15A-Lfe9TO91-g,T.Ollyvar,145
UCTVEKocy0StDHPow7X9QJlQ,Vicc Gotti,146
UCJlpNLY2NmXRzLM2cWP2FdA,Jeremy Littel,147
UCTyvyVpWyspz8-anuyXUreA,Scott Prop and Roll,148
UC5ujvySyX2svDmsle_--dpA,CBC,149
UCp57F5CkOeM18OrlIf_G5Qw,Funny AI Art,150
UCiOAIrsZmYgOd0GA2QKI7wQ,Comedy Clips Central,151
UC3B-Mhaj_RqsCoaH7tpsS-Q,Luffy ,152
UC2uqduIrS_NCnYHUEtEyv8g,Gmoydi,153
UCJQsW7LeVEIDCEJU47NmXBA,The McCartys,154
UCo5ij6AzLdebmBbqfPIzr8g,ToonTubers,155
UCBU1iuJZN6UtBjQcgvuwJ_Q,Justin Stagner ,156
UCKsnrO82MBSKC6nBAgeG77g,Farry,157
UCAg8tUv0g5tydmqxPnejz9A,Wind_TV,158
UClecvVRSry_L07QSCHK4arg,MICHAEL & COLIN,159
UCmEif6jmFPLsOKJozos7XdQ,SAPUTRA,160
UC4ZHneTsPc0VeSh-IbI8p_g,Pocket Movies,161
UCovgFzicwHQXCNRonAoe1aQ,ghost22062206,162
UCpfmJn3TfVq3FJ3OctsDEjw,Phoebe Clips ,163
UCZg-bcxgD3AEpWfeU47FLqg,Elos,164
UC9xGsFc1c5DMSWCBvdiGQ4g,xunmasked,165
UCSoJcY9wS0_L2yWOTWJWV5Q,Make Some Noise,166
UCdHgqtc0BjWDLVXNeNICAlw,Jaice King,167
UCDq5xAAgPXG9_39ptF3j3Hg,푸햇푸햇,168
UCxRGk49YNiW3Cq8s7MGknqw,joshiiwuh,169
UC6KqYa6wbZho4l81DaLYJ4A,Andrés Andel,170
UC-r4Tg3nBRALtxJn12fFP_Q,Phil Hanley,171
UCdiIWLElRVvZc4hDe1CMKAg,Movie,172
UCLee_L9mUokkDar6OlCIeTQ,StojDoes,173
UC6Pe-hXQUHvkA_V8H4xSUeQ,『𝕂𝕒𝕫ℙ𝕝𝕒𝕪𝕫_𝕐𝕋』,174
UCLieTWx74Jty5p3SJAJCxzQ,Albert Recapped,175
UCSb_Sui6FBxVS4_ROsrU_Iw,Natural Habitat Shorts,176
UCa6vGFO9ty8v5KZJXQxdhaw,Jimmy Kimmel Live,177
UCEakj6jI7jTklY8uOA4Tpig,Matthew Ables,178
UCfGksnNNmDKXQPa1Tu8MnOQ,ZoomPYY,179
UCstQvkv_ZxqPybXHIz_HujA,StormsyTV,180
UCQgVN28p4k6yYbEq9n3OnTg,Cinema Shorts,181
UC-fIOAuozqNXLKvfhfTytqw,Relay Edits,182
UC9e0qpCqJO8ZStZwCBQNGjA,Restatement of judgment ,183
UCr_pNqrGbzmQj5dY6D6VHDQ,Simpsons TV,184
UCrWb3HFqXR_TCwqwGzjb90A,Tate IBINGUE,185
UCr4rcT2wBfz60SxCM5kyV_w,Bambi Tv,186
UC6yWIz6-3JsOUAw2HBwup-w,Aaron2587,187
UCuyhBZmYTgI9bjWVT-XBmrA,House Of Geniuses,188
UC_MId0OgI4uYYCfU_smoRlA,Dragon Soul in the Shadow Realm,189
UCMk2R5nz4dO55z4maJ-gmrw,What The F,190
UC-dIYwXp7P3wUE5HeLtceZQ,Jacob Evie,191
UC7zsxKqd5MicTf4VhS9Y74g,Kurtis Conner,192
UCzY_sIOOHeCobumpqJrjdig,marrkadams,193
UCqT2dH0cAodHongXFv7wU9Q,MovieTime,194
UC8Bl_sP2qE4c5F9mg1pNWBw,CB MIDIA,195
UCxW0P1-4PTmZ1-u22kxbMgg,KhianKB,196
UC20LNUoBRKfV22BPh3pTxow,Success Freedom Inspires,197
UCBiwPX2FFP4lhDdotS5dZdA,Anna Classic Recap,198
UCSOZ6u343x8SIXWeMiiEkXw,Rroi Anime,199
UC63anZxfVGHUEmfBAf5w7pw,CaseOh,200
UCh5mLn90vUaB1PbRRx_AiaA,MoreSidemen,201
UC7_YxT-KID8kRbqZo7MyscQ,Markiplier,202
UCx2StD8gHd_-nRo5z1qcJ8g,Subnautica,203
UCm-X6o81nRsXQTmqpyArkBQ,Flamingo,204
UCVf5qFhOe0GXGKE8L7fGBVg,MATROTTV,205
UCKqH_9mk1waLgBiL2vT5b9g,VanossGaming,206
UCzYfz8uibvnB7Yc1LjePi4g,Aphmau,207
UC5sc1ysFs7RfjjEFMuQ3ZQw,DougDougDoug,208
UCooVYzDxdwTtGYAkcPmOgOw,Brawl Stars,209
UC7trU46U_9XPDtMnDbiDPUQ,FaZe Jev,210
UCbCQBD9gKSEnNtIqmKY1R3Q,Vegas Matt,211
UCzzF1kdBgwv5RB6rbB6kVSA,Tyler & Snowi,212
UC_ntXHv-XdKCD7CPynVvnQw,Bandai Namco Entertainment America,213
UCS99JNYziShf-WZB6GwOwMQ,The Real Granny,214
UClCvmntMJCrerMDSc1WQGNg,Omz,215
UCqpyFHhE13LsrG5qDknJcFQ,AfroSenju XL,216
UC-g_O9HWb5B0rVDG1hLd5Hw,EYstreem,217
UCp1VWSTrt2cUBInkn4dUmDA,berleezy,218
UCFXKLSrT-4-Mf5TRqv40rgw,The Sims,219
UCWVSknuLPIRVGWf-4bFKT4Q,Johnny Minecraft,220
UC_TYFButglZuuDbD-0Q_IzQ,lilsimsie,221
UCrfoHZm9EHP0vtt94xM7p1Q,SeeReax,222
UCIVrwudKiOJfM5B6dUH4qPQ,Vampyro111,223
UCWBWgCD4oAqT3hUeq40SCUw,Sambucha,224
UCgfPHIaCoWc8SHDVYH_z9yg,Mr. Hand Pay,225
UCel2B-6wZhvQHRAKXmpm1Ew,special edd,226
UCmY6t25uVbXIDTizjfLBI4Q,Bigpuffer,227
UCGIY_O-8vW4rfX98KlMkvRg,Nintendo of America,228
UCjiXtODGCCulmhwypZAWSag,Jynxzi,230
UCvqRdlKsE5Q8mf8YXbdIJLw,LoL Esports,231
UCToxKVrkEuAONR4rFIJ_DyQ,GameToons,232
UCOFiUtKui6-x4T-J7_DgCag,Caedrel,233
UCyNzZ1wgkOWkzYE0zbs7zhA,Jynxzi Live,234
UCkyRXzzqd2DQVRu4xnc0GnA,KAYE,235
UCifRgVk-GEo1_vvf8x53t6A,Soup,236
UC0eLBYhxW9HC0P9PXQ73mpQ,Cash,237
UCZBY6V8Lxmwu8gGRBOyO11w,Kubz Scouts,238
UC7wV9BwhmNksC2VxZbOqiZA,Nogla & Terroriser React,239
UC7TIkH-0TzhP1EmSD9QN3xw,Fooster,240
UC8Z766VdGCg9sSySmeL-APQ,Here's Johnny,241
UCtMVHI3AJD4Qk4hcbZnI9ZQ,SomeOrdinaryGamers,242
UCIa6iQD0ecZols-CUuMdNAw,YoBoy PIZZA,243
UCaYxyR9mzVlTrOOyZD0XAmA,MMG,244
UC9CuvdOVfMPvKCiwdGKL3cQ,GameGrumps,245
UCyIjXN5TEaU-LzMT0iQx_ww,Bordeaux,246
UCzH3H8sRfqH3rEVZcpTV2Cw,MrRoflWaffles,247
UCVU6tIQ0oeue08KmRJdMIAA,Anthomnia,248
UCnuf06xsaSO8f2svzMENyBw,Doodle and Arkey,249
UC3yHtryql8S7y2jukpFsZSg,Tomato - Fortnite,250
UC69nvMX24BQLrNs9FhQye1A,NicoBlox,251
UCke6I9N4KfC968-yRcd5YRg,SSundee,252
UCpqXJOEqGS-TCnazcHCo0rA,theRadBrad,253
UCJZam2u1G0syq3kyqrCXrNw,PrestonPlayz,254
UCtJqaNF7McbeDB1UJZ_nWJg,HW5567,255
UCsvn_Po0SmunchJYOWpOxMg,videogamedunkey,256
UCvICJHzZEwb_9ckAMohAqzw,Lana's Life,257
UCozwejESfvl88CBBL0KgEhw,Hamster Kombat,258
UCNvzD7Z-g64bPXxGzaQaa4g,gameranx,259
UClOf1XXinvZsy4wKPAkro2A,PlayOverwatch,260
UCOHH-97SBvN58Q6WGOtZOTA,Rith-រុណរះថ្មី  ,261
UCYn6CZe5UGIyPe9WJb0pTrg,Top5Gaming,262
UCXBE_QQSZueB8082ml5fslg,TimTheTatman,263
UCCo6EC0MOfJSnHbD3LI6iFA,spoonkid2,264
UCq6VFHwMzcMXbuKyG7SQYIg,penguinz0,265
UC-HRN_YjNk-VOo8kD1UoMeg,Chuok chet,266
UCxsk7hqE_CwZWGEJEkGanbA,KreekCraft,267
UC2wKfjlioOCLP4xQMOWNcgg,Typical Gamer,268
UCqVCSWnuOSPm26orvNDTuWQ,TG Plays,269
UCJ2ZDzMRgSrxmwphstrm8Ww,Smosh Games,270
UClbllR4Tx-lhYJyrpu1sA4A,Aztecross,271
UCiaJncjYqE_xocX_YXoENxQ,MVS 2024,273
UCRuNOupskvYyQITuirXvmCQ,MoreGrizzy,274
UCeBPTBz1oRnsWsUBnKNNKNw,Joe Bart Games,275
UCYdHjl9aX-8Fwyg0OBOL21g,TDBarrett,276
UCWOA1ZGywLbqmigxE4Qlvuw,Netflix,277
UCq-ZvpCLekNUJpD3iem0zDQ,DotoDoya,278
UCDBCCMlFD-hArPbWv38FINA,Daz Games,279
UCO4rvxZ-bJ6uGDeSkMCmzEg,Bay Area Buggs,280
UCA2sMhX7_2RNFVXeaZ9Hyzw,Grizzley Gang Gaming,281
UCmG2EhfOwSjpPMX4LjGY__A,KairosTime Gaming,282
UChK0KzE7fazKdo4IfLBk9RQ,SMii7Yplays,283
UCVUsmF97x4kuhGbBjzl1nVg,Pezzy,284
UCzEy7pi3B7TIS9cn_sdKK9A,GrayStillPlays,285
UCHyMwXYaw69vtN244TiW2jQ,xDemon,286
UCVAYy7_zddIx6USjXscV9Vg,Caylus  ,287
UCRC6cNamj9tYAO6h_RXd5xA,RTGame,288
UCuNgNRHKIiudXKPbTlvh0Pw,Aphmau Shuki,289
UCt9nYeSz90lnOnaVFjxFJzw,Nick Eh 30,290
UC7OjANppBi8u3yI4dLAtxDg,IcyDeluxe Movies,291
UCOnECY8FBKKPVi5ZsSgXPJA,RDC Live,292
UCMzzjz-hBg1UoywNFSNXdPw,ក្រុមអ្នកប្រយុទ្ធ,293
UCcJL2ld6kxy_nuV1u7PVQ0g,DrDisRespect,294
UC3uOXQfZsAU2NMrZxraw5Aw,JD,295
UCBq8CLRcJN8rgqHOkyL1ozg,Supergiant Games,296
UCOgaIuQYGr6ow_jbote4BKA,Maximilian Dood,297
UClaQTfyXUl2CR1HYx0uVnRQ,akaElectro,298
UClyGlKOhDUooPJFy4v_mqPg,DougDoug,299
UCicx_4RfqfiM07AXLv09Hww,Glitch,300
UCJEGvSZnQ1pkVfHO8s5G8hA,Riot Games,301
UCwVJr6R-2Hbezs5Ur4zmcLw,Fresh Spawns,302
UCulXXKKrC3LjQpxGNPNMFPA,Flats,303
UCJf1vgH-DyFff0oC9UOosIA,FadeUnchanged,304
UCj4zC1Hfj-uc90FUXzRamNw,Phoenix SC,305
UCC540wcJL0DeQlC8lgUP-XQ,FuriousFade,306
UCtwOgy4vDxfGmsHR0YMVufg,The Boys Gaming,307
UCZ7AeeVbyslLM_8-nVy2B8Q,Skill Up,308
UCqps5ZXGM-kpBoJo-cNMs_Q,amCobalt,309
UCNRj8Ox9M8LFT1d9uGeWhVA,skullmaxx,310
UCPk2s5c4R_d-EUUNvFFODoA,Gohar Khan,311
UCd7Ej52S393Mc34mSL0nRcg,Candis,312
UCi7wDE2ZTiR5QYYrUY5WhtA,CarterPCs,313
UCtGDd-EKik82lWHw-eKSB6w,TECH NEP,314
UCytuDduA8lQ8AqmRKk5r2Yg,Unbox Universe ,315
UC4Z8mPYjn6Dhr6n531YDh0Q,UFD Tech,316
UCCOrp7GPgZA8EGrbOcIAsyQ,Phone Repair Guru,317
UCkSVnUZq3q14lVajaQAlLpA,Nathan Espinoza,318
UC51UPs8iqgC6ugVROBcUQEQ,Matty McTech,319
UCd48Z0WHd8yKmBVAhkG7dSQ,Flying Speaker,320
UCCQi3X-PJGmd6DrPN9Rb6iw,Garett,321
UCUi2SFPyyDNcsH2ZGpHyQIQ,magnify,323
UCI5O8NDpvTqd7dHLAcSOIeg,Piplup,324
UCoaKXKkWgt700_ENDN3PEYw,Tiny Phone,325
UCZeKXaDbtL2GbfoB8hldseQ,EmSwizzle,326
UC1Fl1hKcaNsAmwolKq7rHFA,Grandpa Boom,327
UCy0tKL1T7wFoYcxCe0xjN6Q,Technology Connections,328
UCjU7AreEw9dXtCBc1uOpaTg,cardogjones,329
UC-mfn4ibOC5ewLcpmgl0C4g,Michael Girdley,330
UCE7spuKzxP1k8A-XucxxUAQ,John Casterline,331
UCXuqSBlHAE6Xw-yeJA0Tunw,Linus Tech Tips,332
UCPx9eXszFK8rkivV7tXZpHA, PONGAMOSLO A PRUEBA CORTOS,333
UCWk_6kgfcNwWbVUdq34QMSg,KhoVEN ,334
UCYO_jab_esuFRV4b17AJtAw,3Blue1Brown,335
UCBJycsmduvYEL83R_U4JriQ,Marques Brownlee,336
UC6phzNW-jqEZldwJ3BFrWgg,BumpyBear,337
UCRwczJ_nk1t9IGHyHfHbXRQ,Nathaniel Bandy,338
UCWFKCr40YwOZQx8FHU_ZqqQ,JerryRigEverything,339
UCaQeRtwWEaCBMaZnH2jEwMw,ThatwasDope,340
UCrngywJZXtm7k4on53vnpwg,JHoff ,341
UCjxJCfrpA_Mv-In6p42SvQw,VΛINT,342
UCsArRWQNGOhFAzLpKjowJ0g,Keon's Lab,343
UCxtmlJEOx5PcH701iM3RTeQ,FLACKOFINALLYFAMOUS,344
UCnfWi7eVPFm8xGWfBT1zjeQ,cdotkom,345
UCSvLdOutljpFydkLq5EVN0g,ام محمد لتعليم الكروشي و البريد,346
UC_q5WZtFp36adwqhKpZzxwQ,SypherPK,347
UCMiJRAwDNSNzuYeN2uWa0pA,Mrwhosetheboss,348
UCBS1NUWY7oC6FFHaXQy4zAA,Zach's Tech Turf,349
UCOOHeyoRZIYI7OIsIhA1vsg,Kaz Sawyer,350
UCXGgrKt94gR6lmN4aN3mYTg,Austin Evans,351
UCAwylBbx8RiRD3VsaYdwNTw,Video Advice,352
UCPvRdfUooqCf0zPOYvbBzVA,mryeester,353
UC7bYyWCCCLHDU0ZuNzGNTtg,The Comments Section with Brett Cooper,354
UC1yNl2E66ZzKApQdRuTQ4tw,Sabine Hossenfelder,355
UCDNPo1xqZK05k_4B41oHtpQ,LumiChoice,356
UCeeFfhMcJa1kjtfZAGskOCA,TechLinked,357
UCgaGxe-3-LlPPLwelKOUYsA,DIGITAL CREATOR BLUE,358
UCOmcA3f_RrH6b9NmcNa4tdg,CNET,359
UCsBjURrPoezykLs9EqgamOA,Fireship,360
UCkWQ0gDrqOCarmUKmppD7GQ,JayzTwoCents,361
UChIs72whgZI9w6d6FhwGGHA,Gamers Nexus,362
UCrHJcn0pg8FdauI6feC1gGQ,TEAM-KILLER,363
UCK6hhqTTTHWoub9SStsdFYg,SaturdayMorningProps,365
UC6mboRNUSgSjumTsQoRwsVQ,Brandon Conner,366
UCnQKHXy3642l9hUmZyedkjw,Fun With Screen ,367
UCcWQnkOd-GWPnJRXTK5AXBQ,Nikola Toy,368
UCP2gdh7HfjgCoi8lO50dA5w,Fortune Magazine,369
UCC-eP3EYHMwsT1Qpn7zgg4g,Maneetpaul Singh,370
UCiKNvzMjBFowg5Sj6pevymA,META PCs,371
UCi70PpB6kKKMvPXkalau2nQ,SCREENSABER,372
UC5syThgjktDV-C8_vNn0fvA,CircuitBoredd,373
UCClfFsWcT3N2I7VTXXyt84A,Salem Techsperts,374
UCRYOj4DmyxhBVrdvbsUwmAA,optimum,375
UCDTBGMkDfRYm3dR-GwHOZ2w,Satoshi Texts,376
UC3-_PHnCTrFcXl5jy9bgFEQ,Hechos No Contados,378
UCEcrRXW3oEYfUctetZTAWLw,WVFRM Podcast,379
UChHxJaKDqH4bOs0pX3hkKnA,Basically Homeless,380
UCU9tTuv-x1PII3zQiHo6HQA,Hak Hang,381
UCG7J20LhUeLl6y_Emi7OJrA,The Studio,382
UCdZP_6QvuYiHi4yLufgZUNg,PLACITECH,383
UC0vBXGSyV14uvJ4hECDOl0Q,Techquickie,384
UCptwuAv0XQHo1OQUSaO6NHw,Max Tech,385
UCUyeluBRhGPCW4rPe_UvBZQ,ThePrimeTime,386
UCWrmbQy_KxoBTAHCU7HiErg,ARGEN,387
UCiQMYozSSTkJ2twtZM1bG9w,zollotech,388
UCf_suVrG2dA5BTjJhNLwthQ,Odd Tinkering,389
UCdBK94H6oZT2Q7l0-b0xmMg,ShortCircuit,390
UCI4kahy_vOpM6yvykXCcpOA,Brandon Shepherd,391
UC-yRDvpR99LUc5l7i7jLzew,Bg2 Pod,392
UCpZy-Hfqcxf-R7nQzlv9Bvw,Brandon Butch,393
UCzmwnZ_ZElg6kuE6e5QS4pg,Brian Tong,394
UCpD1JD5uUDg8vBpLHlXxzwQ,Tech podcasts,395
UC5O1JiK8QpCDtfO4stF2heA,Pablo Pol,396
UCC2lbKruS3-22iTD_1fe_MQ,NXCRE,397
UCsNGtpqGsyw0U6qEG-WHadA,DJI,398
UCoi3Uk6JtP9QgA5BRwnh6NQ,GregsGadgets,399
UCaKZDEMDdQc8t6GzFj1_TDw,Be Inspired,400
UCz6PEeVLG1TL6jMRTvSLm4g,Matt Talks Tech,401
UC2Xd-TjJByJyK2w1zNwY0zQ,Beyond Fireship,402
UCoJP9pYqZjiJOlR4UWdPhow,PetaPixel,403
UCb8vrqP8Z7Oz9ZTYvUtjUHQ,Daniel LaBelle,404
UC6biysICWOJ-C3P4Tyeggzg,Low Level,405
UCvcRA2Hva1lULVf4GCouH8w,Dawid Does Tech Stuff,406
UCAPHsK1p8ACoaK-Br3nZaqw,Patrick Rambles,407
UCl0dAq1S5Pv3cw53nFo_aWg,StuckAtPrototype,408
UCAYmlecATSG0wc5IxsFJSbQ,Doug Sharpe,409
UCr613nJgA50o8DUUT00qHvw,WULFF DEN,410
UCaFGDBmGK_jw66u3av2Ysjw,MacRumors,411
UCKskn9-xxLWkTYl8Ta1c0ng,4viator,412
UCZx6VevELRkuTr9iCMqEoUg,FILM Thrill 2,413
UCfOrKQtC1tDfGf_fFVb8pYw,TronicsFix,414
UCjEqklvNFQYeqUPEmLY30jg,白呀白Talk,415
UCR-DXc1voovS8nhAvccRZhg,Jeff Geerling,416
UCXnNibvR_YIdyPs8PZIBoEw,Cathode Ray Dude - CRD,417
UChIZGfcnjHI0DG4nweWEduw,TechSource,418
UCQSpnDG3YsFNf5-qHocF-WQ,ThioJoe,419
UCg6gPGh8HU2U01vaFCAsvmQ,Chris Titus Tech,420
UCx6cailiCkg_mlMM7JX5yfA,James Channel,421
UCYVU6rModlGxvJbszCclGGw,Rob Braxman Tech,422
UCkK4Tzb9ieuAhcyWUZnLBBQ,Gamer Meld,423
UC4YrkpqcIQgE4AU0JrEDy1w,Casp,424
UCiC38Llz5e3qR6EaQAGlWvw,NerdNest,425
UCf-z09Umbl8I21CwMpTLoyQ,Jacob R,426
UC6gARF3ICgaLfs3o2znuqXA,Retro Recipes,427
UCNzszbnvQeFzObW0ghk0Ckw,Dave's Garage,428
UCBmhLJgK9sLTXjxKcOHuzlQ,Xbox Ready,429
UCd6vEDS3SOhWbXZrxbrf_bw,SAMTIME,430
UCEKJKJ3FO-9SFv5x5BzyxhQ,2kliksphilip,431
UCgyqtNWZmIxTx3b6OxTSALw,Android Authority,432
UCa962e5dqRMO1nUldwaaRMw,Tailosive Tech,433
UCp_5PO66faM4dBFbFFBdPSQ,bitluni,434
UC9PA83Wm4XJiNOCMiQBV3-g,Kalatik,435
UClQQoervgLHV2pAOxHJ16NA,HotshotTek,436
UCgDqL4yzXb4BflimZaxL4Vg,Andrew Ethan Zeng,437
UCQr41WBbI0oGTsYTm2FB99g,jeffostroff,438
UCujr_HrX3ThMb34DV5YXHIg,Mark Denney,439
UCoIXnB865l9Ex9zs4OIXTdQ,Spawn Wave,440
UCkz3CAJxsszcjceBW49_QDA,Dan,441
UCIJHwsTJyrH4YznoJxZmJHQ,GR-Research,442
UCbRP3c757lWg9M-U7TyEkXA,Theo - t3․gg,443
UCySjheRcVJ21B3Jo3HcWMTQ,Antenna Man,444
UCRfgHb3W-Nb7uvdX85Bw0AQ,Omar Gonzalez Photography,445
UCuJyaxv7V-HK4_qQzNK_BXQ,BeatEmUps,446
UCwwuSBYcErVlOpveYubHv4g,Mark Ellis Reviews,447
UC8wXC0ZCfGt3HaVLy_fdTQw,Digital Trends,448
UCMrvLMUITAImCHMOhX88PYQ,PiXimperfect,449
UCvWWf-LYjaujE50iYai8WgQ,Paul's Hardware,450
UC2vBJ4InzgqlrLEpfZFMXaA,Anduril Industries ,451
UC3c8H4Tlnm5M6pXsVMGnmNg,Luke Miani,452
UCpENn7TT13Ft1Kk1urXY12g,Kamahley,453
UCzIO0iX4yKW2P4NkmmKq1PA,9to5Google,454
UCbmOgzvvDg60mXGm9t9Ad5Q,Omar Agamy,455
UCTIFIULcxN0sh8b3uXgDX6g,Smart Home Sounds,456
UCFOSg71CRAJ58IPuV_-jMbw,Tecnonauta,457
UC5I2hjZYiW9gZPVkvzM8_Cw,Techmoan,458
UC2VrA-oteANZQ07TquwBvAQ,AppleTrack,459
UCPDMoRSAwvRH4EkdzUwmcNQ,IAM,460
UCU67ZTK_52mav3d4gSiMzfQ,Abuloris,461
UC0uAeNHLLuAovOTHI-aOZiQ,PC Builder,462
UCz0zSuukBglV2YwG3_7uKRg,The Apple Circle,463
UC9MqlzNSrAqRidfDk8wtj8g,Tuan CT,464
UCwdEr_DVvYp6Maf-OTw7z_w,Toasty Bros,465
UCdMtxK-E95EbWuhXCOdAXRA,DrewIsSharing,466
UCT2kPBcD6tXn8TP_aV7BmgA,China Observer,467
UCaZHhVYgpYX3cIjBV45Nf3Q,Apollo Sant,468
UCS-WzPVpAAli-1IfEG2lN8A,Michael MJD,469
UCkr6cLAnZiz5NH0NzjNK8rg,cheapaudioman,470
UCI8iQa1hv7oV_Z8D35vVuSg,Hardware Unboxed,471
UCE4xstUnu0YmkG-W9_PyYrQ,Usagi Electric,472
UCfJRkBBiPtKZyZn_3PxWaiQ,Internet of Bugs,473
UCi7eZm4CkFiLEZ4tF4Er4lA,Proper Honest Tech,474
UCBqDfuP9ElyPYYXFAXP0d4g,The Wow Lab,475
UCoZQiN0o7f36H7PaW4fVhFw,Retro Game Corps,476
UCEp20NgOZHmgWdbQdHSxgjw,This Does Not Compute,477
UCbsfyGlrjrKQC0gbzK0-EiA,Jared Owen,478
UC6tUZA7GiIZPaUu4FQXnFYA,Cord Cutters News,479
UCtakRzTIzY8q7VL3KsT6ArA,Ted’s Tech,480
UCx4MHIcTdwdcmJ5accSDlPA,grainydays,481
UCECJDeK0MNapZbpaOzxrUPA,Luisito Comunica,482
UCe1Aj6VEO299Yq4WkXdoD3Q,Alexandre Chappel,483
UChAu6Cof9KlfFxSbL9ytosQ,Ham Radio Crash Course,484
UCj7ML5-da-bCCcHz0ipUmYQ,EXCESSORIZE ME.,485
UCgdTVe88YVSrOZ9qKumhULQ,Hardware Haven,486
UCTjmLCEVb9r1OpFDJMMWyIw,StezStix Fix?,487
UCR4ZpFWX29p4YCajQA5fcfQ,TechJoyce,488
UCp1WLdyf-HyM5umAkVyWtIw,Новостной Гусь,489
UC1VLQPn9cYSqx8plbk9RxxQ,The Action Lab,490
UCPAljnYqjszV1LGn8pkG0sQ,STOKIT TECH,491
UChDKyKQ59fYz3JO2fl0Z6sg,TODAY,492
UC0cLA4f-mSqWumlCN62AE1w,monas ideas موناز آیدیاز,493
UCPMIXPIhGp2WJzocPRQiM1w,JMTech,494
UCOhFXcmfy8T11SgYFIrzY8Q,Ideas 1+1,495
UCbiGcwDWZjz05njNPrJU7jA,ExplainingComputers,496
UC22g3lO65jiGoCZFRSZo3pQ,HAYP_SPLETNY,497
UCZvtcRxo82A4-7BQ2T8MOAA,FUJIFILM X Series,498
UCSFp_vPjEjMzCBVIgP9TWug,YourAubsome,499
UCVPm82t3yAMQFcg1HXskcqA,Nature Global,500
UCWKSMczTMjVjYmTMV4ZUZEQ,Коннор,501
UCiIhoHKPMHm0tpga58IBQNQ,Payette Forward,502
UC0oI44ZUVCqq4meNOOaKPTQ,SpawnPoiint,503
UCt7sv-NKh44rHAEb-qCCxvA,Wylsacom,504
UCQHvopOCTzWApoDBnLj2NCw,Misha Charoudin 2,505
UCWLu3q9FEmPPYKcUAxKZb2A,Milad Mirg,506
UCqzgacL7nIySy0KiAQJ7LLA,Happy Smile,507
UC1ElwUxgOSHK7ENhTe9tiCA,YouTube Creator Liaison,508
UCDxhBSgPvrFvyXLdpmygDhg,Edward Sturm,509
UCvURt1amfXhiH8lwRyGZDLw,D1 Kuumo,510
UCzRWWsFjqHk1an4OnVPsl9g,ESPN College Football,511
UCFGBQdzpBoKTPe2NbRGyWBw,Brandon2real4u ,513
UCDVYQ4Zhbm3S2dlz7P1GBDg,NFL,514
UCGaqvTgdAOhduHop1ALoCEQ,No Huddle Shorts,515
UChFmE1R8i2unrefvok0YCoQ,Clark,516
UClZGwXC47D2SCQIQN9TJw4g,MTN Hoops,517
UC6zuHOLcKY74-K3kSvrP4zw,krab,518
UCFZ7tUfV-BXWeS7BLTthi_A,Everest,519
UCvHm-lDQEhRJNCd8BdpzDkQ,ESPN MLB,520
UC86mbDclXQeljk975_KZpXg,Bsm Edits 20,521
UCg5imEqLU79i9XTOS1NE38g,Elite Kick,524
UCeKOGzYzL2JKUpW1IxS-jCA,PrettyBored,526
UCDCBdJ6fZzvbgjN8Vf67xOQ,Xkrull MMA,527
UCE28rwYoaV7jvU6GVzdu_GQ,World Rugby,528
UCoKFBIpf65_knnZyB77Ecwg,MD Productions,529
UCmNMxZqiWk3ZX8SDhSgLHlQ,4th&1 With Cam Newton,530
UCEoCW7B1HEK4-uoqzaZ-vvw,Kaylee Marie,531
UCX5qMbq8Y9h9TOdFhKUhkrw,MaxPreps,532
UC5HfVz8n-2l0Th4iGgO8Ijg,Viralform,533
UCiio0ydw439X13KyZgMIcHw,NFL on ESPN,534
UCybR149vtw40AjiQhvdckXg,benqroom,535
UCS7dhtzQL6ZRVVUyIXdSfSA,Anthony Williams,536
UCBcX4OY-HoPj6hc5-zpkTbw,King Moe,537
UCFWAXGzg3lc60ydrrZMGhsA,Dockery,538
UCHK5Lxx08ba-45zth-xn8sA,Did You Know This Thing?,539
UCqQo7ewe87aYAe7ub5UqXMw,House of Highlights,540
UCZFhj_r-MjoPCFVUo3E1ZRg,Whistle,541
UCl9E4Zxa8CVr2LBLD0_TaNg,Jomboy Media,542
UCx18ywTcohtS9lpNXt8noWQ,Omar Raja - ESPN,543
UCy-U026m7Y5VjhhUmXwj-3A,Quarterback Plug (The Quarterback Plug),544
UCdIFTflafikgEEUuKZia3jQ,HangTime,545
UCSLS1IvI4VKATD_YwfuiIIA,TheSportsMN,546
UCgm5K42ZzULcqy3enBPip8g,OGlightskins,547
UCi0EzMkJRa9qAM19TAxOCNg,Reidar,548
UCu-g2tqSoHVRx88WnISrOKg,Sofia elizalde ,549
UCk9lx4sKRQCDTyXFaouk_vQ,Mighty,550
UC5QESDRf1F0v1Ig8KHpCVCQ,Peakzmotivation,552
UCWy2Nhg0PGv21NjMFRH7HBw,SportsCenter NEXT,553
UCIJ0XDsp9c-Y8zionzWrWMg,Shirley Patrick247,554
UCeI--jINF0G1jmDVjT2PX_Q,D'Vontay Friga,555
UCNR93hKfKy493U3lw-djSug,Inspiredbyhoops,556
UCMH2n0xk3dKydfoEzlwIT2w,The Scouse GK,557
UCYqeek4JMtZV90riW5vfpLw,AlleyClips,558
UCFs23bEpTlHJt1RVN0UWI3Q,First Down Training,559
UCgNxl1L22_1LVbQmQ6J23tQ,MediaOcity,560
UC9B6kNDMv417QWQEoxW94hg,Joy Hits,561
UCKTFvbcNZ98bRzEIZjTnziQ,Goin Over,562
UCCxF55adGXOscJ3L8qdKnrQ,Bryson DeChambeau,563
UC7ZUfHFsuQcW7BkTHnXJtqw,NFL on CBS,564
UCaogx6OHpsGg0zuGRKsjbtQ,Philadelphia Eagles,565
UCy5YY4ove_brGfXphrhG15Q,BenchwarmerBran,566
UCd_EkHbEutirFl_XSrg95kA,GD's Highlights,567
UCWSwmq2xYmSvMmGx-YEuEsQ,backwardks,568
UC9-OpMMVoNP5o10_Iyq7Ndw,Bleacher Report,569
UChAfiOC-eK1y8r6pw2XGFKA,WINARES EDITS,570
UCOtbWwI4afveroKO1_wiHlQ,DecisionTimeRacing,571
UCvCfpQXRXdJdL07pzTIA6Cw,Kai Cenat Live,572
UCok_HjOel5ODVI76l0yHaOA,Discipline or Regret?,573
UCUDrb4BLpO0sjxoaWARsdyw,HangTime NFL,574
UCUiDYWN64s2eVdXGFTKSuPw,BBALL CHRONICLES,575
UCz0WHqCLIsbthm4klrR2NRg,BECKAYYY,576
UC-5zFN-bs6fB_MBRBtAlg4Q,OussiFooty,577
UC7YR3r5c2DVao-gC8YwLxZA,Not So Air Jordan,578
UC_mm7k2sNPZQU0_kpIqwT8Q,EAE CLA,579
UCvgfXK4nTYKudb0rFR6noLA,UFC,580
UCAvjYgmwadC682OoC4Cc6TQ,Gil's Arena,581
UCSo19KhHogXxu3sFsOpqrcQ,TUDN USA,582
UCoLrcjPV5PbUrUyXq5mjc_A,MLB,583
UCFrGJqzPQZi-w7Hj57sRoSw,FAYSAL’,584
UCLzocFrP98gfI5W2LD7Ux-w,247Sports,585
UCzxB97H_KbPwMoKjE0A33bg,TrueOffMyChest,586
UCX6hSUgKkRpvedE_a4kKLSQ,"This is MMA, baby",587
UCezVlvtt6ExPAUHgR9m1qHw,Spladle City,588
UCuPR1dkaS2-LaBtdcHjNEig,rawad kizel,589
UCs7-dtFffYCif5t0pNMU4Iw,Jade Skye,590
UCb65ich7skWWYCmT-tyMw_w,Progressportal,591
UCEhvkp-GnxNsnHiDN_q2FnA,Splashe NFL,592
UCuHMnzqXMuvx2O2xRSyae4g,CentralCutss,593
UCmKjMXJbTeo1UJeZ3ug9xrw,CVV CLIPS,594
UClTNkCISsGIukg8A79tjCOA,Loveforvids,595
UCWQrSQ0wJ3oZshXsZcl_Srg,Music Media,596
UCpS5n1SryNAwKNW3p-ok6ag,CTESPN,597
UCWJ2lWNubArHWmf3FIHbfcQ,NBA,598
UCpuT8AlP9P9EgW_pZ0_xInQ,Dylan Anderson,599
UCzU8-lZlRfkV3nj0RzAZdrQ,CONMEBOL,600
UCwRt3xaI-szGZLLJc3YDwZQ,VL,601
UCGF87I_zOpA_g7BqKF8TeYw,TORO,602
UC8anAR7xz9hZh1m9b0_gwPg,My Wonderland,603
UCHQTPAFjusIzj3YOHX_mPMA,Caitlin Clark’s Coldest Moments 🥶🐐,604
UC0URUr1bzLnOtcsYdVSXZbA,PingPongMaestros,605
UCYwkowpMVxoCYsPOKbk66iA,Urban Street +254,606
UCmFsiRnz_1vEckgMchPdXug,Furia MMA,607
UCzpFNL2b-U9JDBekoNnB4_Q,Detroit YB,608
UC8aOXvlqQqMlTFvbbAarD-A,DNVR Sports,609
UCiWLfSweyRNmLpgEHekhoAg,ESPN,610
UC9upqenhU9d0keFOWtseYAw,Fighter4Live,611
UCPHKMJbis1c0R7d7WJQ35tA,Overtime,612
UCaZAmb4dMjFvLvUF29G2Mnw,My ZoNe,613
UCnzi4YrXHlSsSlsQ3cTThbQ,SpeedNaldo7,614
UCdbCeEaxF0_vE3FK_cfXkKQ,MMAZING,615
UCdVcQc_gdaXhlFx3UvG8pjA,Onevilage,616
UCb2ghdxfhVDnHsKo2Ao9ctw,insaneshayne,617
UCXsrToWgFIXlUfu-VvUOsxQ,GarJo Clips,618
UCU0dlKN6R16DL5KKWq62wNA,Ian Gunther,619
UCUTobUs1HXZ3ozzEtHHOCpQ,El Balón de Icaro ,620
UCTTWWvDVnoSeJ1BoKVpZYSQ,Strategic Insights,621
UCi-INxdmFSrTrT95xU0sBpg,Wheels,622
UCIkm9WDHFhPuDcloUyVoz9g,EC,623
UCZO6X76wYi1IhONG0kaHH1Q,Berges Productions,624
UCzphhcCQ7QHAOkeydbWKm_w,Overtime Kicks,625
UCyg4cz6Uo1q5oXJU_1SsNHw,RoganClan,626
UCsmyBpeoqiSIG6U_zVzr2RA,Drift Productions,627
UC7dyZ6jsxJ2PyaCUPuQmS-Q,AP | MLB ⚾️,628
UCCA9jYYLcoteMaqynrIAylA,STREETBEEFS,629
UCHqIieEanq9Q__wAniNG8xw,Luke Nuttall,630
UCoA3lm9UTWDWK8Z1kcoWQcA,Club 520 Podcast,631
UC2Ss8mXyksW2SQfhhUpgR2g,Sports On Prime,632
UC9UGYdMSKasjY0mhU1lG4lQ,Nitro Circus,633
UClaiE2wNjrz1oUzBWysap3Q,Dean Williams Welsh Road Warrior boxing in Creed2,634
UCxlQGwZmTfKJB1rgF7K7UXg,Red TV ,635
UCnpdLn1-k-DcyWi0bNezRig,Best Football Shorts,636
UCEeQ-cfpT6QfUON3I48q4JQ,Tyler Webb Shorts,637
UC04qsuZ7dZ1yWqGX2JOeZ5w,BOXKING,638
UCWKu2e3PGwlBFEprFdFXe1Q,Football Fusion ,639
UCd46d_fDX43Ju-uG1w7WvJQ,Brutal Fight,640
UCSYrTQxtlx9Y6htj6YtuEKA,thekickclub,641
UCMZTG24-n_1c9Tsh81Z8d4g,Let'sWatchHoops,642
UC6NJVNuibWilqOTeNCWZVIg,Hoanftbl,643
UCXtzH3XlokGS8uk8fFQH8mA,Basebroz,644
UCxcTeAKWJca6XyJ37_ZoKIQ,The Pat McAfee Show,645
UCZ9uq7qfgDUYSn33nnMNBsg,JeffDoesEverything,646
UCNSnSemXKDc9UEZ7m31wY9Q,WWE Vault,647
UCARqbKWOVj3u8MBNMkIZlLw,Moment Capsule,648
UCHlBaw2X5iYQGJhd5v718Zw,Brian Sutterer MD,649
UC0ZS0W3tXH-ipKHV97e0KMA,Anurag Podder,650
UCOWr7ifT5mvqlS5FJhiFrcA,Jeff Skversky,651
UC4C82EijXu1iIxWXdHfeZ2A,Fieldhouse,652
UC3-hlzD0BnpDIJFz4-5kCNQ,SportFactMoment,653
UC1a2ZCw7tugRZYRMnecNj3A,Celine Dept,654
UCSCoziKHqjqbox3Fv3Pb4BA,theScore esports,655
UCF4m9eag3EnB0KTSGuw1mHQ,PrimeDose,656
UCGAOAB1tD432c5pyXMzS-6w,Strictly Football,657
UCCoDli2_JuR8s0LofwMsWhw,Best Gymnastics,658
UCRFub98J9ZQuNfuYIkx0erg,TFU,659
UCJckf2Ppq2oOmbYmAlQ3p0Q,Score 90 Shorts,660
UC_GzvxPbX1UQBeFluD3OLQg,GolfRules Questions,661
UCVRm2Ho8cL3lvWDyp2ayuFw,New Heights,662
UCfi-mPMOmche6WI-jkvnGXw,Good Good,663
UCTenKHt0h3VjdMvRWP6Lbvw,Brooklyn Nets,664
UCeikp7aPCip7YW9tCA3ilBg,Channel 199,665
UCQIUhhcmXsu6cN6n3y9-Pww,Jesser,666
UC-Pk-TTaSrDOjkPKQ7C8HXQ,SKATEiQ,667
UC1aFuNR-wGg6EuLTdWOJnEg,Xpel Football,668
UCPRycUcRMlyvgbFqGbrfckA,Josh Moore,669
UCM5gMM_HqfKHYIEJ3lstMUA,John Nellis,670
UCf1xbWF6qY4__ugSt7B1UEQ,CRICK ACE ,671
UCFXCGN9-roeqdFAatAwG8ew,Ben Esherick,672
UC6R2RChGBCs2xWlWvQnqoqw,Binge Post,673
UCbzRzJNHx7ZLlJML9BjZQVQ,Top Rank Boxing,674
UCavvo_FXKmQ324RS7WZ7BXg,Denis Brem,675
UC69J4D6ALJefbnt32N4JdiQ,Darnell Williams,676
UCP35tS1rd6DJthNZK1fSPIA,Dominic Barry,677
UCqZQlzSHbVJrwrn5XvzrzcA,NBC Sports,678
UCZBaWSQCEd3mbFHggUim0aA,HoopLists,679
UCb_ilU-RAbFstaVvYrTA5kw,James Edward,680
UC5c7sXwWNvA-KQ_b7OxdsMg,J_Tekkz,681
UCT947S092eoMEMMSk4cm9AA,footpanna,682
UCbaw0g87xCr9xnKcTn0-ZZA,UmpireCentral,683
UCuYUOEXwUKBtiE1pNoB40PA,Foot Mood,684
UCZYL1NNeoDz1itVvJOWy1hw,Boxeo Legendarios,685
UCiMg6RqrpxydecVeQNHihxg,Nox Jackson,686
UC8uzOeIAWZ6JYO4mNx32bpw,cesafutbol,687
UCHDohYzM6u4aBhhFoFrnplw,beingfooty,688
UCmECbpAj-Zf9uh1wn0N2FHg,Football Arena,689
UC-sWZPV-Wdg-vVP_Uj-SnRQ,Vlad Holder,690
UCYGBeSayC2Q9QO1Qs5pRtBw,Finney,691
UCXUi2WeWpGB_Fu7UIrgcb6w,A&J Today,692
UCZEvYxq5R38PDuHtqD8_uig,Rober Classic,693
UCviiGBJxT6wXnFNdQw2B8hw,Nivi,694
UCgrwoQLB05bykIs_s82Eyjw,Austin Schultz,695
UCrYiyXzC_uQxWstZ5QuGdQw,Mark Mugen,696
UCkdAGB4_ce5JopRf1Gz_5VA,AFKSAVAGE,697
UCuFEqmjeNTP0uKrnGgZppcQ,Kamtoofyee,698
UCnDONfQl7FK6hNQ3K6SZZ3Q,Tyler Boone,699
UCOn6sI9In1IG_OWawHbi80g,SurNervis,700
UCDy24mzKpEtSm9Ugq8eY-7Q,Golf Model,701
UCCZ8SLgCn24HjWi2DKHV24Q,Wild Sport,702
UC0g38gnMm8FZzSIpz66nHtQ,Ash Randall,703
UCDc1UerYL73gScmcQrnpv6w,MediaConquer,704
UCJr31UGCEGz6ShRFK6WBCtw,Legend Football,706
UCgfxjUYBKLUUjq0oE7DU-Iw,FutVibes,707
UCOTPo2y-NHJjg1EuENrxypA,First Things First,708
UCeHypU5kgLh35EclFY7-Nsw,dailyfb,709
