channelId,channelTitle,createdAt,totViews,subscribers,videoCount,topicsIds,topicCat
UCm-br7GkJR2lLC74RcxOE_g,Date,2020-05-21T22:20:30.114513Z,93496341,197000,134,"/m/02jjt,/m/02vxn","https://en.wikipedia.org/wiki/Entertainment,https://en.wikipedia.org/wiki/Film"
UCHA7nav_7GnACDpLca3CoEA,Movie Digger,2022-02-22T03:47:38.05975Z,58182800,55300,46,"/m/02jjt,/m/02vxn,/m/0f2f9","https://en.wikipedia.org/wiki/Entertainment,https://en.wikipedia.org/wiki/Film,https://en.wikipedia.org/wiki/Television_program"
UCvz84_Q0BbvZThy75mbd-Dg,Zack D. Films,2021-06-07T23:35:47.434454Z,21664214152,15900000,997,"/m/02jjt,/m/019_rr,/m/0kt51","https://en.wikipedia.org/wiki/Entertainment,https://en.wikipedia.org/wiki/Lifestyle_(sociology),https://en.wikipedia.org/wiki/Health"
UCluBPogtFcb25J_lAEquHhw,Cartoon Home,2008-05-08T11:19:49Z,1183425226,591000,394,"/m/02vxn,/m/02jjt","https://en.wikipedia.org/wiki/Film,https://en.wikipedia.org/wiki/Entertainment"
UCwN6WZLeXWu37N8y-2w35mA,Mindlab,2023-01-03T13:53:43.692521Z,528583205,244000,494,/m/02jjt,https://en.wikipedia.org/wiki/Entertainment
UCJPoi8zNQb4NNNz_5row-4w,Movie Cinema,2024-07-30T05:14:51.311428Z,173683370,337000,131,"/m/02jjt,/m/02vxn,/m/0f2f9","https://en.wikipedia.org/wiki/Entertainment,https://en.wikipedia.org/wiki/Film,https://en.wikipedia.org/wiki/Television_program"
UCs6um-skK0zCzp2Ds2IQp5g,Matthew Amy,2024-05-14T09:08:42.363488Z,486575846,151000,270,"/m/02jjt,/m/02vxn","https://en.wikipedia.org/wiki/Entertainment,https://en.wikipedia.org/wiki/Film"
UCPXSaShYiIXS2XeISCicXqg,Adrian,2024-07-09T03:25:18.667577Z,79003092,45700,169,"/m/02jjt,/m/02vxn","https://en.wikipedia.org/wiki/Entertainment,https://en.wikipedia.org/wiki/Film"
UCqFzWxSCi39LnW1JKFR3efg,Saturday Night Live,2013-07-23T21:32:27Z,16560092009,14700000,8849,"/m/02jjt,/m/0f2f9,/m/02vxn","https://en.wikipedia.org/wiki/Entertainment,https://en.wikipedia.org/wiki/Television_program,https://en.wikipedia.org/wiki/Film"
UCIyY_18YcA1wARixTX96qBw,Psycandy Underground,2010-12-10T10:08:40Z,142319449,135000,47,"/m/02vxn,/m/02jjt","https://en.wikipedia.org/wiki/Film,https://en.wikipedia.org/wiki/Entertainment"
UCrPseYLGpNygVi34QpGNqpA,Ludwig,2011-08-15T11:32:54Z,2612032938,6330000,2154,"/m/025zzc,/m/03hf_rm,/m/0403l3g,/m/0bzvm2,/m/02ntfj","https://en.wikipedia.org/wiki/Action_game,https://en.wikipedia.org/wiki/Strategy_video_game,https://en.wikipedia.org/wiki/Role-playing_video_game,https://en.wikipedia.org/wiki/Video_game_culture,https://en.wikipedia.org/wiki/Action-adventure_game"
UCrnkVGy4jfo_qzBh5Wr3IuQ,Animated Goldmine,2024-05-30T11:55:41.389827Z,10501421,10600,164,"/m/02jjt,/m/02vxn,/m/09kqc","https://en.wikipedia.org/wiki/Entertainment,https://en.wikipedia.org/wiki/Film,https://en.wikipedia.org/wiki/Humour"
UCajd8wBB3ayNaVgqkQhs0sg,MSSP Hub,2024-07-21T00:39:00.72227Z,25426212,14000,193,"/m/09kqc,/m/02jjt,/m/02vxn","https://en.wikipedia.org/wiki/Humour,https://en.wikipedia.org/wiki/Entertainment,https://en.wikipedia.org/wiki/Film"
UCMY_6rqeZ8AYOJW_O4Ws6Mg,Medical House,2008-04-13T14:45:12Z,419419289,215000,217,"/m/0f2f9,/m/0kt51,/m/02vxn,/m/02jjt","https://en.wikipedia.org/wiki/Television_program,https://en.wikipedia.org/wiki/Health,https://en.wikipedia.org/wiki/Film,https://en.wikipedia.org/wiki/Entertainment"
UCYn7aV7fTvcxktIu7Fh9q2g,Theron996,2024-08-26T02:48:28.010518Z,18055808,25800,93,"/m/09kqc,/m/02vxn,/m/02jjt","https://en.wikipedia.org/wiki/Humour,https://en.wikipedia.org/wiki/Film,https://en.wikipedia.org/wiki/Entertainment"
UCA0PfV-19qRaRpWVCLdsHLQ,Mohammed Classic ,2024-06-29T07:58:37.395538Z,133669973,130000,244,"/m/02jjt,/m/02vxn","https://en.wikipedia.org/wiki/Entertainment,https://en.wikipedia.org/wiki/Film"
UCn_MzTa4Am75VSAHjbGD7lA,KF_editing_studio,2024-09-24T03:04:53.967993Z,15719487,21700,34,"/m/02jjt,/m/02vxn","https://en.wikipedia.org/wiki/Entertainment,https://en.wikipedia.org/wiki/Film"
UCgRHYxFhV_SjP1wBO6_OTuw,Binge Heroes,2024-04-30T19:44:21.540672Z,1269695825,535000,193,"/m/02jjt,/m/02vxn","https://en.wikipedia.org/wiki/Entertainment,https://en.wikipedia.org/wiki/Film"
UCAncV2fEB-phVIMCESMCTvQ,Clip Colony,2024-04-30T16:25:22.842296Z,251558262,247000,369,"/m/02jjt,/m/02vxn,/m/0f2f9","https://en.wikipedia.org/wiki/Entertainment,https://en.wikipedia.org/wiki/Film,https://en.wikipedia.org/wiki/Television_program"
UCYMZpxeToYeVxKdNU7dcV_A,SpongeeMan,2024-06-21T18:02:35.759982Z,51301890,66800,46,"/m/02vxn,/m/02jjt","https://en.wikipedia.org/wiki/Film,https://en.wikipedia.org/wiki/Entertainment"
UCusImzfCu5DK_zhdrZaJHfw,HD Trivia,2024-06-26T17:32:04.57719Z,14983240,14500,76,"/m/02vxn,/m/02jjt,/m/0f2f9","https://en.wikipedia.org/wiki/Film,https://en.wikipedia.org/wiki/Entertainment,https://en.wikipedia.org/wiki/Television_program"
UCP45EebTGl1ISj2DX33A2Rg,Fanum Live,2013-01-11T01:02:24Z,1962835648,2950000,1857,"/m/02vxn,/m/02jjt","https://en.wikipedia.org/wiki/Film,https://en.wikipedia.org/wiki/Entertainment"
UChBGZi34UAE-Mw5-_JoA6-A,Martin Films,2024-05-21T11:22:59.65121Z,166775413,53500,400,"/m/02jjt,/m/02vxn,/m/0f2f9","https://en.wikipedia.org/wiki/Entertainment,https://en.wikipedia.org/wiki/Film,https://en.wikipedia.org/wiki/Television_program"
UCT_idQparWMxBTcug2ed-qA,CANCEL ME COMEDY,2022-03-03T22:23:25.652829Z,651263998,272000,1380,"/m/09kqc,/m/02jjt,/m/02vxn","https://en.wikipedia.org/wiki/Humour,https://en.wikipedia.org/wiki/Entertainment,https://en.wikipedia.org/wiki/Film"
UChKoCiT0eebQ-844sQiihyQ,Ostrich Recap,2023-11-29T12:56:16.904887Z,288273972,167000,299,"/m/02jjt,/m/02vxn,/m/0f2f9","https://en.wikipedia.org/wiki/Entertainment,https://en.wikipedia.org/wiki/Film,https://en.wikipedia.org/wiki/Television_program"
UC3iwxKMRg5l2aDG_8XK2nSQ,The Mannii Show,2020-12-16T02:05:02.553212Z,14089327193,13700000,3660,"/m/02jjt,/m/02vxn","https://en.wikipedia.org/wiki/Entertainment,https://en.wikipedia.org/wiki/Film"
UCKmmERguliWTynG9OIoDhDw,Law By Mike,2020-10-21T00:02:03.656531Z,5084924767,6960000,1233,"/m/01k8wb,/m/02jjt","https://en.wikipedia.org/wiki/Knowledge,https://en.wikipedia.org/wiki/Entertainment"
UCKhqF8dCZM99CocnH-odYHw,Eric Movies Clips,2024-05-31T03:13:47.165287Z,236707922,159000,292,"/m/02vxn,/m/02jjt","https://en.wikipedia.org/wiki/Film,https://en.wikipedia.org/wiki/Entertainment"
UCS8fdPNO8SmYO3GoUmEuOag,ZacSpeaksGiant,2010-09-25T03:22:49Z,637001419,544000,332,"/m/02vxn,/m/02jjt","https://en.wikipedia.org/wiki/Film,https://en.wikipedia.org/wiki/Entertainment"
UCqWz3yRAj-JbCFFCq0jms0Q,Wisemind,2024-02-14T12:43:08.85712Z,1468540754,763000,190,"/m/05qt0,/m/02jjt,/m/098wr","https://en.wikipedia.org/wiki/Politics,https://en.wikipedia.org/wiki/Entertainment,https://en.wikipedia.org/wiki/Society"
UCTnULr_MB6YuYeBC0WdQvHQ,Nemophilist,2024-08-14T07:41:56.196315Z,14848104,14300,161,"/m/02jjt,/m/02vxn","https://en.wikipedia.org/wiki/Entertainment,https://en.wikipedia.org/wiki/Film"
UCDa02TLDhPaH8sUOc7dVmrg,PineTV,2024-09-14T05:38:01.887614Z,25463418,10100,52,"/m/02jjt,/m/02vxn,/m/0f2f9","https://en.wikipedia.org/wiki/Entertainment,https://en.wikipedia.org/wiki/Film,https://en.wikipedia.org/wiki/Television_program"
UCLL25tIDVNT3ahWP20REZHQ,YellowRock,2024-08-27T13:57:25.884631Z,73394930,42400,86,"/m/02vxn,/m/02jjt,/m/0f2f9","https://en.wikipedia.org/wiki/Film,https://en.wikipedia.org/wiki/Entertainment,https://en.wikipedia.org/wiki/Television_program"
UCvVmWRN4y5qy8ssV5ZwqN1A,MatchaFilm,2024-01-20T13:21:47.977314Z,33114867,64100,47,"/m/02vxn,/m/02jjt","https://en.wikipedia.org/wiki/Film,https://en.wikipedia.org/wiki/Entertainment"
UCLZnFlEl_FgKKy01icOAxoQ,SmokeeBee,2021-08-16T06:24:11.102359Z,839207752,1720000,229,"/m/02vxn,/m/02jjt","https://en.wikipedia.org/wiki/Film,https://en.wikipedia.org/wiki/Entertainment"
UCKu9FLfyAYmlQja0qNXu63A,Mosiah,2022-09-01T09:18:53.463091Z,999539245,1780000,97,"/m/09kqc,/m/02jjt,/m/02vxn","https://en.wikipedia.org/wiki/Humour,https://en.wikipedia.org/wiki/Entertainment,https://en.wikipedia.org/wiki/Film"
UCOCJianR4VLyhuugNgMZUkw,Cinemasthetic,2024-04-11T17:50:46.175218Z,76993516,81000,207,"/m/02jjt,/m/02vxn","https://en.wikipedia.org/wiki/Entertainment,https://en.wikipedia.org/wiki/Film"
UCozJ0aIe6xasoYC4p8XOvcw,My Movie,2024-07-28T06:09:10.350376Z,291836278,221000,139,"/m/02vxn,/m/02jjt","https://en.wikipedia.org/wiki/Film,https://en.wikipedia.org/wiki/Entertainment"
UCby6ZYZsdNX0hvxfNizc0pg,Six Feet Under with Mark Calaway,2023-09-27T18:02:20.132709Z,159112344,594000,268,"/m/066wd,/m/02jjt,/m/05qjc","https://en.wikipedia.org/wiki/Professional_wrestling,https://en.wikipedia.org/wiki/Entertainment,https://en.wikipedia.org/wiki/Performing_arts"
UCw8SISrWk-FboA_WnRrc4kw,ClipVerse,2024-07-08T16:05:15.913141Z,16424743,29600,73,"/m/0f2f9,/m/02jjt,/m/02vxn","https://en.wikipedia.org/wiki/Television_program,https://en.wikipedia.org/wiki/Entertainment,https://en.wikipedia.org/wiki/Film"
UCyom2UA2ftfI2-JLN2zdGXg,DZMBR,2018-02-02T06:29:03Z,323297611,181000,145,"/m/0f2f9,/m/02jjt,/m/02vxn","https://en.wikipedia.org/wiki/Television_program,https://en.wikipedia.org/wiki/Entertainment,https://en.wikipedia.org/wiki/Film"
UCyNsPTbcRQoI_RdjZoBiGaQ,Fire,2022-09-01T11:38:55.98997Z,1207187352,434000,731,"/m/02vxn,/m/02jjt","https://en.wikipedia.org/wiki/Film,https://en.wikipedia.org/wiki/Entertainment"
UCkkA6t7xkD95npYIZ_is8Zw,Sumatica,2024-06-02T06:16:20.89043Z,172753376,89300,166,"/m/02vxn,/m/0f2f9,/m/02jjt","https://en.wikipedia.org/wiki/Film,https://en.wikipedia.org/wiki/Television_program,https://en.wikipedia.org/wiki/Entertainment"
UCVIEcvgw2q8Oq9rjwCuB_IQ,KYS Reactions: Exactly as recorded,2018-06-05T14:12:57Z,246757721,350000,767,"/m/019_rr,/m/02jjt","https://en.wikipedia.org/wiki/Lifestyle_(sociology),https://en.wikipedia.org/wiki/Entertainment"
UCpAH7Q2b5JAQSMTULGnI7dg,Futukoobration Clips ,2024-07-09T01:54:23.48416Z,211170462,177000,123,"/m/02vxn,/m/02jjt","https://en.wikipedia.org/wiki/Film,https://en.wikipedia.org/wiki/Entertainment"
UCsAT6ytJr-K1GzViLUzPtqw,Canada Devil,2024-09-10T14:31:14.132331Z,36624852,34600,75,"/m/0f2f9,/m/02jjt,/m/02vxn","https://en.wikipedia.org/wiki/Television_program,https://en.wikipedia.org/wiki/Entertainment,https://en.wikipedia.org/wiki/Film"
UCD6mBIpnABfPV5Gx5pqwo8w,LudwigMovies,2023-06-18T09:37:35.218109Z,1391091979,2330000,295,"/m/02jjt,/m/02vxn","https://en.wikipedia.org/wiki/Entertainment,https://en.wikipedia.org/wiki/Film"
UCGaO3wLV8_N1YFbMOtuaYqw,Dimension 20 Shorts,2021-03-25T15:51:34.447246Z,532342199,473000,1022,"/m/0f2f9,/m/02jjt,/m/02vxn","https://en.wikipedia.org/wiki/Television_program,https://en.wikipedia.org/wiki/Entertainment,https://en.wikipedia.org/wiki/Film"
UCJ_waKl9kjbhfXI3LJOfHvA,the drama,2010-11-09T12:54:13Z,69188207,259000,204,"/m/05qjc,/m/0f2f9,/m/09kqc,/m/02jjt,/m/02vxn","https://en.wikipedia.org/wiki/Performing_arts,https://en.wikipedia.org/wiki/Television_program,https://en.wikipedia.org/wiki/Humour,https://en.wikipedia.org/wiki/Entertainment,https://en.wikipedia.org/wiki/Film"
UCX5Q-J1cTEGHIjQWBF13MmA,defendrow,2023-07-20T14:51:08.460515Z,158099590,87700,61,"/m/07yv9,/m/02jjt,/m/019_rr","https://en.wikipedia.org/wiki/Vehicle,https://en.wikipedia.org/wiki/Entertainment,https://en.wikipedia.org/wiki/Lifestyle_(sociology)"
UChFs0d8syPIK6x8q4C6BrJw,Nutshell Animations,2018-06-18T07:43:25Z,7123119643,9090000,2387,"/m/02jjt,/m/019_rr,/m/09kqc,/m/02vxn","https://en.wikipedia.org/wiki/Entertainment,https://en.wikipedia.org/wiki/Lifestyle_(sociology),https://en.wikipedia.org/wiki/Humour,https://en.wikipedia.org/wiki/Film"
UCT_QEGH0myu6lgbE_biQPuw,Drew Talbert,2009-01-03T18:49:49Z,2116824469,1740000,613,"/m/02vxn,/m/02jjt","https://en.wikipedia.org/wiki/Film,https://en.wikipedia.org/wiki/Entertainment"
UCd5ApCORQsMOZZz5E9oVeFA,Alfredo Larin,2017-04-09T13:02:07Z,36537549405,43800000,1879,"/m/02vxn,/m/02jjt,/m/019_rr","https://en.wikipedia.org/wiki/Film,https://en.wikipedia.org/wiki/Entertainment,https://en.wikipedia.org/wiki/Lifestyle_(sociology)"
UCrMabu7HclTiDf5ZAgjHxqQ,American High,2020-09-03T02:38:38.963994Z,3494487173,3110000,890,"/m/02vxn,/m/02jjt,/m/019_rr","https://en.wikipedia.org/wiki/Film,https://en.wikipedia.org/wiki/Entertainment,https://en.wikipedia.org/wiki/Lifestyle_(sociology)"
UC0Zh1b-1vJiJqpXLD6FBkDA,TM chromatophilic,2023-10-06T06:17:33.292882Z,832704536,1520000,361,"/m/019_rr,/m/02jjt","https://en.wikipedia.org/wiki/Lifestyle_(sociology),https://en.wikipedia.org/wiki/Entertainment"
UCrtLDp_JdjepmL0ziCF7v1Q,Simpsons wow,2024-06-07T11:25:53.545109Z,917858615,636000,261,"/m/02jjt,/m/02vxn,/m/019_rr","https://en.wikipedia.org/wiki/Entertainment,https://en.wikipedia.org/wiki/Film,https://en.wikipedia.org/wiki/Lifestyle_(sociology)"
UCasx4kxysejfupvP2brmXig,White Daddy House,2006-10-18T14:40:14Z,34356549,55500,77,"/m/02jjt,/m/02vxn,/m/0f2f9","https://en.wikipedia.org/wiki/Entertainment,https://en.wikipedia.org/wiki/Film,https://en.wikipedia.org/wiki/Television_program"
UCSD4oURAMlqW1pbwUuRU9sw,Mr.Shorox,2024-05-14T16:43:53.275766Z,856749931,651000,403,"/m/02jjt,/m/02vxn,/m/019_rr","https://en.wikipedia.org/wiki/Entertainment,https://en.wikipedia.org/wiki/Film,https://en.wikipedia.org/wiki/Lifestyle_(sociology)"
UCXmbU_9iZm2hWAZWVUy3kuQ,Alex Classic  ,2024-06-22T07:56:41.070561Z,102473931,63300,246,"/m/02jjt,/m/02vxn,/m/0f2f9","https://en.wikipedia.org/wiki/Entertainment,https://en.wikipedia.org/wiki/Film,https://en.wikipedia.org/wiki/Television_program"
UCdq1pK4Ewe6niThqjEN0p6A,keblaze,2024-05-23T12:48:59.204813Z,87763659,86300,107,"/m/0f2f9,/m/019_rr,/m/02jjt,/m/02vxn","https://en.wikipedia.org/wiki/Television_program,https://en.wikipedia.org/wiki/Lifestyle_(sociology),https://en.wikipedia.org/wiki/Entertainment,https://en.wikipedia.org/wiki/Film"
UCNrnx5h8mMjZEQqbbVXVMkA,LifeofLogos,2022-07-24T15:14:56.765449Z,1854675477,661000,2190,"/m/02vxn,/m/02jjt,/m/09kqc","https://en.wikipedia.org/wiki/Film,https://en.wikipedia.org/wiki/Entertainment,https://en.wikipedia.org/wiki/Humour"
UCvQ35id6_d0uUNUzPqAWqvg,Succesful Celebrity,2022-07-28T00:30:30.945396Z,2048834878,1500000,733,"/m/02vxn,/m/02jjt","https://en.wikipedia.org/wiki/Film,https://en.wikipedia.org/wiki/Entertainment"
UCNMg0ZGimrtVC2iUJxcMYAA,Eureka Reels,2015-07-20T06:49:15Z,379538436,267000,294,"/m/0f2f9,/m/02jjt,/m/02vxn","https://en.wikipedia.org/wiki/Television_program,https://en.wikipedia.org/wiki/Entertainment,https://en.wikipedia.org/wiki/Film"
UCzybe_mMxv848rF6lrrNI2g,Coffey,2024-09-12T03:34:13.141834Z,24834292,47100,70,"/m/02jjt,/m/02vxn,/m/0f2f9","https://en.wikipedia.org/wiki/Entertainment,https://en.wikipedia.org/wiki/Film,https://en.wikipedia.org/wiki/Television_program"
UCz-OH0v7eBY2-KVPCxHLojg,Gwen Shorts,2024-08-25T11:43:33.423223Z,15420358,452000,50,"/m/019_rr,/m/02jjt","https://en.wikipedia.org/wiki/Lifestyle_(sociology),https://en.wikipedia.org/wiki/Entertainment"
UC5CYHexPHhBavBtAnVWLQag,Sitcom Hub,2022-09-24T14:19:22.651342Z,2124720556,565000,976,"/m/02vxn,/m/09kqc,/m/02jjt,/m/0f2f9","https://en.wikipedia.org/wiki/Film,https://en.wikipedia.org/wiki/Humour,https://en.wikipedia.org/wiki/Entertainment,https://en.wikipedia.org/wiki/Television_program"
UC6Ew8hwM-UU2c9Cfv1ODMig,Samuel Movie,2024-07-17T07:20:59.568403Z,120471218,81200,270,"/m/02jjt,/m/02vxn,/m/0f2f9","https://en.wikipedia.org/wiki/Entertainment,https://en.wikipedia.org/wiki/Film,https://en.wikipedia.org/wiki/Television_program"
UC2dWMpMtdv7gngjY8BPpJLw,Rhinoceros Movie,2022-03-09T10:32:11.153417Z,3416990,24700,69,"/m/02jjt,/m/02vxn","https://en.wikipedia.org/wiki/Entertainment,https://en.wikipedia.org/wiki/Film"
UCCyMRpic8eTJmtgs3_sBRtA,Danny's Filmhub,2017-10-13T04:16:24Z,54857019,27800,157,"/m/0f2f9,/m/02jjt,/m/02vxn","https://en.wikipedia.org/wiki/Television_program,https://en.wikipedia.org/wiki/Entertainment,https://en.wikipedia.org/wiki/Film"
UC4PQqjGczpgmqbpicKjkwvw,Druski,2020-03-17T08:29:24.30336Z,446231365,2080000,596,"/m/02vxn,/m/02jjt,/m/0glt670","https://en.wikipedia.org/wiki/Film,https://en.wikipedia.org/wiki/Entertainment,https://en.wikipedia.org/wiki/Hip_hop_music"
UCKy1dAqELo0zrOtPkf0eTMw,IGN,2006-09-19T03:13:01Z,18279611035,18500000,165834,"/m/0403l3g,/m/02ntfj,/m/025zzc,/m/0bzvm2,/m/02jjt","https://en.wikipedia.org/wiki/Role-playing_video_game,https://en.wikipedia.org/wiki/Action-adventure_game,https://en.wikipedia.org/wiki/Action_game,https://en.wikipedia.org/wiki/Video_game_culture,https://en.wikipedia.org/wiki/Entertainment"
UCZft8Ol-dMtguwam7bWItnw,BrodyAnimates,2013-11-24T03:29:31Z,264219278,1560000,81,"/m/02jjt,/m/09kqc,/m/0bzvm2,/m/02vxn,/m/019_rr","https://en.wikipedia.org/wiki/Entertainment,https://en.wikipedia.org/wiki/Humour,https://en.wikipedia.org/wiki/Video_game_culture,https://en.wikipedia.org/wiki/Film,https://en.wikipedia.org/wiki/Lifestyle_(sociology)"
UCIwth2uQQRZzPKSflSLgk0g,VET Tv,2016-10-10T01:20:50Z,940308854,1020000,1600,"/m/0f2f9,/m/01h6rj,/m/02jjt,/m/09kqc,/m/02vxn","https://en.wikipedia.org/wiki/Television_program,https://en.wikipedia.org/wiki/Military,https://en.wikipedia.org/wiki/Entertainment,https://en.wikipedia.org/wiki/Humour,https://en.wikipedia.org/wiki/Film"
UCqpNrZf35zrOiK4vzI1v6hw,DankScole,2015-08-23T23:06:16Z,1720532723,4850000,495,"/m/02vxn,/m/02jjt","https://en.wikipedia.org/wiki/Film,https://en.wikipedia.org/wiki/Entertainment"
UCBuXWxpjIyvm6MSM5hXMxQA,Orange Movies,2024-03-23T10:32:24.263774Z,52784387,39700,319,"/m/02vxn,/m/02jjt","https://en.wikipedia.org/wiki/Film,https://en.wikipedia.org/wiki/Entertainment"
UCojWSp08LqMhqN4-Gn79K4g,BigMaxiBoxi,2024-09-22T11:13:58.440508Z,15479367,13400,36,"/m/02jjt,/m/02vxn,/m/019_rr","https://en.wikipedia.org/wiki/Entertainment,https://en.wikipedia.org/wiki/Film,https://en.wikipedia.org/wiki/Lifestyle_(sociology)"
UCiHkQyzoaCTWFc4Acmpknlg,P2 9MXS,2023-10-12T19:03:52.518088Z,83423500,34400,84,"/m/02vxn,/m/02jjt","https://en.wikipedia.org/wiki/Film,https://en.wikipedia.org/wiki/Entertainment"
UCGuKDsKoK7aBbYEvXNKp2_g,Caroline Restatement,2024-06-14T02:25:01.534289Z,64176926,50700,219,"/m/0f2f9,/m/02jjt,/m/02vxn","https://en.wikipedia.org/wiki/Television_program,https://en.wikipedia.org/wiki/Entertainment,https://en.wikipedia.org/wiki/Film"
UCbFdKdoZeWd5mh9soNX9I4w,Binge Viral Clips,2021-02-18T20:27:00.385924Z,177112847,179000,56,"/m/02vxn,/m/02jjt","https://en.wikipedia.org/wiki/Film,https://en.wikipedia.org/wiki/Entertainment"
UCMEEC8zlPyCbwmtCnlOl1_Q,JR JAYY,2015-07-10T20:29:25Z,81610548,236000,186,"/m/02vxn,/m/09kqc,/m/02jjt","https://en.wikipedia.org/wiki/Film,https://en.wikipedia.org/wiki/Humour,https://en.wikipedia.org/wiki/Entertainment"
UCng0vTdvLr3u1wuoyfLqaqg,SIMPLE.C10,2013-03-30T03:05:32Z,12260741,19100,192,"/m/07yv9,/m/019_rr","https://en.wikipedia.org/wiki/Vehicle,https://en.wikipedia.org/wiki/Lifestyle_(sociology)"
UCshvWbtwJ5z8DfRArsxXYyg,San Movies ,2024-06-27T06:05:55.127283Z,38207335,38300,266,"/m/02vxn,/m/02jjt,/m/0f2f9","https://en.wikipedia.org/wiki/Film,https://en.wikipedia.org/wiki/Entertainment,https://en.wikipedia.org/wiki/Television_program"
UCylSSdB9eIs8w-cRtHZMREA,Miguel Caroline ,2024-05-10T13:23:11.992389Z,309006569,242000,324,"/m/02vxn,/m/02jjt","https://en.wikipedia.org/wiki/Film,https://en.wikipedia.org/wiki/Entertainment"
UC2ZUcriT2bWaHqhgLIeLLIQ,Promo24-7,2021-06-17T01:35:22.650779Z,15937280,28800,68,"/m/09kqc,/m/02jjt","https://en.wikipedia.org/wiki/Humour,https://en.wikipedia.org/wiki/Entertainment"
UCtjitZkKk537mAP0v6z9Hng,ScreenGems,2024-03-06T07:37:46.608081Z,209885953,180000,382,"/m/02jjt,/m/02vxn","https://en.wikipedia.org/wiki/Entertainment,https://en.wikipedia.org/wiki/Film"
UCw7UAa-27Ne1ps9JUCynZLQ,Gabriel Classic,2024-08-13T02:01:16.737209Z,172053728,123000,174,"/m/02jjt,/m/02vxn,/m/0f2f9","https://en.wikipedia.org/wiki/Entertainment,https://en.wikipedia.org/wiki/Film,https://en.wikipedia.org/wiki/Television_program"
UCMh3v4KOrtoDKziO9d2qAHg,Agirlandadoodle,2023-03-02T02:26:44.978406Z,1650354689,2300000,266,"/m/019_rr,/m/068hy,/m/02jjt","https://en.wikipedia.org/wiki/Lifestyle_(sociology),https://en.wikipedia.org/wiki/Pet,https://en.wikipedia.org/wiki/Entertainment"
UCvUcTZ8x4xxE_hM-quyYu6w,Let's Watch,2024-04-10T08:37:00.406456Z,166803074,128000,246,"/m/02vxn,/m/02jjt","https://en.wikipedia.org/wiki/Film,https://en.wikipedia.org/wiki/Entertainment"
UCkCfG7i4uTFVp2-mgJmSb0w,LEGENDARY,2024-05-15T09:47:45.104254Z,25797856,26700,91,"/m/0f2f9,/m/02jjt,/m/02vxn","https://en.wikipedia.org/wiki/Television_program,https://en.wikipedia.org/wiki/Entertainment,https://en.wikipedia.org/wiki/Film"
UCG7BqcsAYc9C75iHMc5iPTA,Chistes josΓ© Joao,2020-02-22T00:40:23.583814Z,99971297,312000,382,"/m/02jjt,/m/09kqc,/m/02vxn","https://en.wikipedia.org/wiki/Entertainment,https://en.wikipedia.org/wiki/Humour,https://en.wikipedia.org/wiki/Film"
UCxB-FLDInYpclh7C7AT10aw,Elfo House,2006-04-10T20:04:54Z,76169687,48200,99,"/m/0f2f9,/m/019_rr,/m/02jjt,/m/02vxn","https://en.wikipedia.org/wiki/Television_program,https://en.wikipedia.org/wiki/Lifestyle_(sociology),https://en.wikipedia.org/wiki/Entertainment,https://en.wikipedia.org/wiki/Film"
UCIlqd-X929vWZIkMoG3H8Sw,Martin Clips,2024-08-05T10:05:58.086588Z,73058185,77200,155,"/m/02jjt,/m/02vxn","https://en.wikipedia.org/wiki/Entertainment,https://en.wikipedia.org/wiki/Film"
UCLBh_2tt_hFdiFekmlI6U2g,Brianna Movies,2024-06-14T14:17:49.720022Z,153377929,98400,350,"/m/02jjt,/m/02vxn","https://en.wikipedia.org/wiki/Entertainment,https://en.wikipedia.org/wiki/Film"
UCLTL2BJ2h-FkiKfOmFBrYFw,Thomas Movies,2024-07-17T02:51:36.608734Z,269264099,138000,220,"/m/02jjt,/m/02vxn,/m/0f2f9","https://en.wikipedia.org/wiki/Entertainment,https://en.wikipedia.org/wiki/Film,https://en.wikipedia.org/wiki/Television_program"
UC59Ied2j88dZUw7PzJa2-YA,Hew Moran,2017-03-08T21:22:15Z,1910210473,6780000,415,"/m/02vxn,/m/02jjt","https://en.wikipedia.org/wiki/Film,https://en.wikipedia.org/wiki/Entertainment"
UCpMb_pfabjR1BuUMebtM4KQ,DaPlug,2023-06-01T13:22:21.397408Z,421247462,378000,518,"/m/02vxn,/m/02jjt","https://en.wikipedia.org/wiki/Film,https://en.wikipedia.org/wiki/Entertainment"
UCt0PorvEjHk91XbiTg5bH0w,BreakingBald,2024-07-31T09:02:55.66841Z,86856352,57000,150,"/m/02vxn,/m/02jjt","https://en.wikipedia.org/wiki/Film,https://en.wikipedia.org/wiki/Entertainment"
UC0b0EiEPwRewGAikHpjYTtA,Paul Jordin,2024-09-10T14:02:27.18969Z,49598562,37900,82,"/m/02jjt,/m/02vxn,/m/0f2f9","https://en.wikipedia.org/wiki/Entertainment,https://en.wikipedia.org/wiki/Film,https://en.wikipedia.org/wiki/Television_program"
UCu2X0reOWT4fYPX3voJ_bmA,Jane Williamson,2016-06-23T01:48:26Z,1959328109,3550000,188,/m/019_rr,https://en.wikipedia.org/wiki/Lifestyle_(sociology)
UCNFT_eq_QCApMEwCACHto9Q,Speed McQueen ,2018-09-16T14:21:05Z,7002062868,6350000,3553,"/m/02vxn,/m/02jjt","https://en.wikipedia.org/wiki/Film,https://en.wikipedia.org/wiki/Entertainment"
UCPUBGZvy2t1V5MthV7pjBAA,itsQCP,2017-06-27T11:11:35Z,4457145652,7410000,566,"/m/02wbm,/m/019_rr","https://en.wikipedia.org/wiki/Food,https://en.wikipedia.org/wiki/Lifestyle_(sociology)"
UCiER8p540j2SosO7OX7E0VA,Legends of Avantris,2018-05-18T05:36:17Z,876392732,1600000,933,"/m/02vxn,/m/09kqc,/m/02jjt,/m/019_rr,/m/0bzvm2","https://en.wikipedia.org/wiki/Film,https://en.wikipedia.org/wiki/Humour,https://en.wikipedia.org/wiki/Entertainment,https://en.wikipedia.org/wiki/Lifestyle_(sociology),https://en.wikipedia.org/wiki/Video_game_culture"
UCaVFKuFQ4ApfwcBr-12sL0A,MissonMovieMoments,2014-03-31T21:10:31Z,158328251,150000,331,"/m/02vxn,/m/02jjt","https://en.wikipedia.org/wiki/Film,https://en.wikipedia.org/wiki/Entertainment"
UCXbYlU08sOTBktOtjVsvR6w,ToRung,2017-10-18T02:31:36Z,20867057512,33900000,414,"/m/02vxn,/m/02jjt,/m/09kqc","https://en.wikipedia.org/wiki/Film,https://en.wikipedia.org/wiki/Entertainment,https://en.wikipedia.org/wiki/Humour"
UCjdvPP6bIMctgtP4fa7XXvA,Outstanding Screenplays,2019-12-31T12:54:46.624165Z,2021131416,1220000,1566,"/m/02jjt,/m/02vxn,/m/0f2f9","https://en.wikipedia.org/wiki/Entertainment,https://en.wikipedia.org/wiki/Film,https://en.wikipedia.org/wiki/Television_program"
UCsAMAOF4AMxFPAdBeiX7h6Q,Movies Universe,2024-04-16T03:56:04.636174Z,106961767,109000,399,"/m/02vxn,/m/02jjt","https://en.wikipedia.org/wiki/Film,https://en.wikipedia.org/wiki/Entertainment"
UCx5YHlRtMvg2NgQaQcMUeDQ,Brown DM,2024-09-11T09:23:59.933774Z,31501076,16000,85,"/m/02jjt,/m/02vxn","https://en.wikipedia.org/wiki/Entertainment,https://en.wikipedia.org/wiki/Film"
UCCuZ0r9pDMI8DwhtRV1fNhg,Danno Cal Drawings,2018-02-25T23:02:07Z,2507818684,3600000,792,"/m/02vxn,/m/0bzvm2,/m/02jjt","https://en.wikipedia.org/wiki/Film,https://en.wikipedia.org/wiki/Video_game_culture,https://en.wikipedia.org/wiki/Entertainment"
UCq8e-sbPDisoWAWgv1wdtUA,TeriD,2023-06-25T13:16:53.75842Z,163616860,208000,178,"/m/02jjt,/m/09kqc,/m/02vxn","https://en.wikipedia.org/wiki/Entertainment,https://en.wikipedia.org/wiki/Humour,https://en.wikipedia.org/wiki/Film"
UCoJfvP-9f1Ztq_zb-i1TLzA,Clarity Clips,2023-03-22T00:18:57.894161Z,2064309288,1990000,622,"/m/02vxn,/m/02jjt","https://en.wikipedia.org/wiki/Film,https://en.wikipedia.org/wiki/Entertainment"
UC8rXxwwIYSk4lfPD_KJmK-A,Daddy Cartoons,2024-08-29T16:31:18.753548Z,72944194,60300,82,"/m/02jjt,/m/02vxn","https://en.wikipedia.org/wiki/Entertainment,https://en.wikipedia.org/wiki/Film"
UCLSW8aX9Hhkv9-LpBVRhFbw,The Living Artcade,2023-11-16T23:45:38.879002Z,121638884,739000,15,"/m/019_rr,/m/03glg,/m/02vxn,/m/02jjt","https://en.wikipedia.org/wiki/Lifestyle_(sociology),https://en.wikipedia.org/wiki/Hobby,https://en.wikipedia.org/wiki/Film,https://en.wikipedia.org/wiki/Entertainment"
UCqcOzx6P_BuF4oyvZsaPunw,ariki Anime,2022-10-25T20:09:36.445847Z,990249235,1010000,333,"/m/02jjt,/m/02vxn,/m/019_rr","https://en.wikipedia.org/wiki/Entertainment,https://en.wikipedia.org/wiki/Film,https://en.wikipedia.org/wiki/Lifestyle_(sociology)"
UCr69YQf6M8yeiYEeGjZ711Q,Theatre of the Unaligned,2023-10-02T02:29:48.665259Z,27889067,62200,186,"/m/02vxn,/m/02jjt","https://en.wikipedia.org/wiki/Film,https://en.wikipedia.org/wiki/Entertainment"
UC1EQXPSyMhU3GVfrsGg9-JA,Phil Valley,2017-11-30T21:43:19Z,15085040,23700,260,"/m/0glt670,/m/02vxn,/m/04rlf,/m/02jjt","https://en.wikipedia.org/wiki/Hip_hop_music,https://en.wikipedia.org/wiki/Film,https://en.wikipedia.org/wiki/Music,https://en.wikipedia.org/wiki/Entertainment"
UCHKhGknxUStTRKLXBoXSbNg,Poppeace,2022-02-12T09:19:37.276361Z,376966337,310000,352,"/m/02vxn,/m/02jjt,/m/0f2f9","https://en.wikipedia.org/wiki/Film,https://en.wikipedia.org/wiki/Entertainment,https://en.wikipedia.org/wiki/Television_program"
UCdUl_bahs2CptEdW0us2TRA,Mappelz,2017-01-20T02:10:48Z,3884106103,3660000,1525,"/m/09kqc,/m/02jjt,/m/02vxn","https://en.wikipedia.org/wiki/Humour,https://en.wikipedia.org/wiki/Entertainment,https://en.wikipedia.org/wiki/Film"
UCd4R6Gq-yaa1-J1XfYcE-hQ,Spider Movie,2024-07-19T11:17:09.247772Z,70615699,42100,169,"/m/02jjt,/m/02vxn","https://en.wikipedia.org/wiki/Entertainment,https://en.wikipedia.org/wiki/Film"
UCzu8CMR8o5vF8yMLSZSkXFg,FlexxFlixx,2024-05-28T22:47:08.811674Z,549323663,362000,245,"/m/02jjt,/m/02vxn","https://en.wikipedia.org/wiki/Entertainment,https://en.wikipedia.org/wiki/Film"
UCoyVbUZN4mYeRhYGlWbKSkw,Simpsons Saga,2023-10-04T11:51:40.97409Z,22974564,25400,100,"/m/02jjt,/m/019_rr,/m/0f2f9,/m/02vxn","https://en.wikipedia.org/wiki/Entertainment,https://en.wikipedia.org/wiki/Lifestyle_(sociology),https://en.wikipedia.org/wiki/Television_program,https://en.wikipedia.org/wiki/Film"
UCjM-M-tIyKvu1TusOohiqTw,Simpsons Every Day,2024-07-28T11:33:45.252231Z,157158886,134000,157,"/m/02jjt,/m/02vxn,/m/019_rr","https://en.wikipedia.org/wiki/Entertainment,https://en.wikipedia.org/wiki/Film,https://en.wikipedia.org/wiki/Lifestyle_(sociology)"
UC0P9pKFhs9RtrnSoRAj2f_g,MOVIE TART,2024-09-01T23:51:56.370296Z,55125455,83000,85,"/m/02vxn,/m/02jjt,/m/019_rr","https://en.wikipedia.org/wiki/Film,https://en.wikipedia.org/wiki/Entertainment,https://en.wikipedia.org/wiki/Lifestyle_(sociology)"
UCJN5ATeKD3XBqc93znZtm4w,Encouraging Inspirational Words,2021-10-09T00:25:32.633795Z,365507385,295000,954,"/m/0f2f9,/m/09kqc,/m/02vxn,/m/02jjt","https://en.wikipedia.org/wiki/Television_program,https://en.wikipedia.org/wiki/Humour,https://en.wikipedia.org/wiki/Film,https://en.wikipedia.org/wiki/Entertainment"
UCchBatdUMZoMfJ3rIzgV84g,Viva La Dirt League,2011-08-21T08:29:04Z,4198077667,6730000,2319,"/m/02vxn,/m/02jjt","https://en.wikipedia.org/wiki/Film,https://en.wikipedia.org/wiki/Entertainment"
UCNwb4G1bW7PDMTWpA-s-sCA,GCR Designs,2016-04-28T20:36:37Z,205685915,157000,228,"/m/0bzvm2,/m/02ntfj,/m/02vxn,/m/02jjt,/m/025zzc","https://en.wikipedia.org/wiki/Video_game_culture,https://en.wikipedia.org/wiki/Action-adventure_game,https://en.wikipedia.org/wiki/Film,https://en.wikipedia.org/wiki/Entertainment,https://en.wikipedia.org/wiki/Action_game"
UCjbeif8Qkf4sVZG0QgY1qHg,Liam Lee,2024-08-21T03:01:18.070295Z,24632233,43000,140,"/m/02vxn,/m/02jjt","https://en.wikipedia.org/wiki/Film,https://en.wikipedia.org/wiki/Entertainment"
UCLVBmIrtn7DyTEDeVU3Id5w,Paul Movies House,2024-04-13T03:32:37.454507Z,116906857,59200,405,"/m/02jjt,/m/02vxn,/m/09kqc","https://en.wikipedia.org/wiki/Entertainment,https://en.wikipedia.org/wiki/Film,https://en.wikipedia.org/wiki/Humour"
UC2GhJfBa2P3ccu8bu1zRrdw,Kailah,2010-12-20T02:40:16Z,22949069,37100,87,"/m/02vxn,/m/02jjt,/m/0f2f9","https://en.wikipedia.org/wiki/Film,https://en.wikipedia.org/wiki/Entertainment,https://en.wikipedia.org/wiki/Television_program"
UCRFSF9WS_g0wqm32kjJ-jNw,jacobweeby,2016-04-13T13:57:08Z,876135898,1480000,638,"/m/02ntfj,/m/025zzc,/m/0bzvm2,/m/09kqc,/m/02jjt,/m/0403l3g","https://en.wikipedia.org/wiki/Action-adventure_game,https://en.wikipedia.org/wiki/Action_game,https://en.wikipedia.org/wiki/Video_game_culture,https://en.wikipedia.org/wiki/Humour,https://en.wikipedia.org/wiki/Entertainment,https://en.wikipedia.org/wiki/Role-playing_video_game"
UCQHGL7mNJ1f93WJ8U1wZG-A,Aliska Art ,2021-01-20T23:13:19.621997Z,80187372,234000,483,"/m/02jjt,/m/02vxn","https://en.wikipedia.org/wiki/Entertainment,https://en.wikipedia.org/wiki/Film"
UCObEO7ZvOPP1vbZMW5FkcxQ,Daddy Cooper,2023-09-15T15:00:20.847976Z,79945962,204000,132,"/m/0f2f9,/m/02vxn,/m/02jjt","https://en.wikipedia.org/wiki/Television_program,https://en.wikipedia.org/wiki/Film,https://en.wikipedia.org/wiki/Entertainment"
UConDa0_TOYfTDR3SrMTkjfg,Kingsley King,2016-09-25T14:53:30Z,1276705348,1280000,4174,"/m/02vxn,/m/02jjt,/m/0f2f9","https://en.wikipedia.org/wiki/Film,https://en.wikipedia.org/wiki/Entertainment,https://en.wikipedia.org/wiki/Television_program"
UCGq6eTi9tSwOoSR3I7iEE5Q,David Lucas,2017-10-24T09:04:44Z,98261128,405000,699,"/m/02vxn,/m/02jjt,/m/09kqc","https://en.wikipedia.org/wiki/Film,https://en.wikipedia.org/wiki/Entertainment,https://en.wikipedia.org/wiki/Humour"
UClvGDD_RWs6yfzK8A_6OCMA,Cinematic Vibes,2024-07-22T15:22:41.279273Z,149750195,102000,107,"/m/02vxn,/m/02jjt,/m/0f2f9","https://en.wikipedia.org/wiki/Film,https://en.wikipedia.org/wiki/Entertainment,https://en.wikipedia.org/wiki/Television_program"
UCTBrVbt_oMwlfU3FfW772XQ,Jacques Ze Whipper,2010-06-14T16:28:30Z,472558304,1320000,273,"/m/05qjc,/m/09kqc,/m/02vxn,/m/02jjt","https://en.wikipedia.org/wiki/Performing_arts,https://en.wikipedia.org/wiki/Humour,https://en.wikipedia.org/wiki/Film,https://en.wikipedia.org/wiki/Entertainment"
UCuaOBHj-80xvM7WHjC5J4Nw,Binge Ma'ampage,2023-10-05T02:41:20.559755Z,1267592229,480000,383,"/m/02vxn,/m/02jjt,/m/0f2f9","https://en.wikipedia.org/wiki/Film,https://en.wikipedia.org/wiki/Entertainment,https://en.wikipedia.org/wiki/Television_program"
UCSLeawJdulNN51ZZE4_YPgg,Dion Movies Clips,2024-05-02T07:46:05.766205Z,494077297,422000,209,"/m/02jjt,/m/02vxn,/m/0kt51","https://en.wikipedia.org/wiki/Entertainment,https://en.wikipedia.org/wiki/Film,https://en.wikipedia.org/wiki/Health"
UCuALfQGHNTaWvKWzxQX7nKQ,MC Squared90,2015-09-24T19:00:03Z,1665921140,2440000,968,"/m/09kqc,/m/02jjt,/m/02vxn","https://en.wikipedia.org/wiki/Humour,https://en.wikipedia.org/wiki/Entertainment,https://en.wikipedia.org/wiki/Film"
UCGBVtwvzxkd2iX4JMaH_4Pg,Aykronik,2022-03-07T09:02:28.843994Z,160148135,968000,101,"/m/06ntj,/m/02jjt","https://en.wikipedia.org/wiki/Sport,https://en.wikipedia.org/wiki/Entertainment"
UCtgSvfKUdRiHffYO-MrOczQ,Trizzy,2023-08-19T00:57:37.456854Z,88519670,226000,217,"/m/05qjc,/m/019_rr,/m/02jjt,/m/09kqc","https://en.wikipedia.org/wiki/Performing_arts,https://en.wikipedia.org/wiki/Lifestyle_(sociology),https://en.wikipedia.org/wiki/Entertainment,https://en.wikipedia.org/wiki/Humour"
UC8WUVP4GinwyR1wc5i_dmWQ,Anxiety couple,2018-11-26T19:23:43Z,1793193083,2760000,665,"/m/02vxn,/m/02jjt","https://en.wikipedia.org/wiki/Film,https://en.wikipedia.org/wiki/Entertainment"
UCDYspjKOhtvrWXpseQRVnGA,JayNoHesi,2013-08-18T09:28:00Z,32137232,85500,482,"/m/09kqc,/m/02jjt,/m/02vxn","https://en.wikipedia.org/wiki/Humour,https://en.wikipedia.org/wiki/Entertainment,https://en.wikipedia.org/wiki/Film"
UC4ORotFG894o67kkIUdjRkQ,Dutton's World,2024-09-10T03:32:54.804386Z,28241147,15300,69,"/m/0f2f9,/m/02jjt,/m/02vxn","https://en.wikipedia.org/wiki/Television_program,https://en.wikipedia.org/wiki/Entertainment,https://en.wikipedia.org/wiki/Film"
UCBaZGdG53JxD-3q2IDpaGJQ,April Movies,2024-07-09T02:54:15.152147Z,176896229,146000,224,"/m/02jjt,/m/0f2f9,/m/02vxn,/m/0kt51","https://en.wikipedia.org/wiki/Entertainment,https://en.wikipedia.org/wiki/Television_program,https://en.wikipedia.org/wiki/Film,https://en.wikipedia.org/wiki/Health"
UCmXQs4aZSk4eL5MIimvwMVQ,Josiah Schneider,2013-03-29T18:36:48Z,212591683,493000,343,"/m/02vxn,/m/02jjt,/m/09kqc","https://en.wikipedia.org/wiki/Film,https://en.wikipedia.org/wiki/Entertainment,https://en.wikipedia.org/wiki/Humour"
UCaamhxAHz15A-Lfe9TO91-g,T.Ollyvar,2018-01-30T21:44:36Z,549507710,352000,360,"/m/02vxn,/m/02jjt,/m/04rlf","https://en.wikipedia.org/wiki/Film,https://en.wikipedia.org/wiki/Entertainment,https://en.wikipedia.org/wiki/Music"
UCTVEKocy0StDHPow7X9QJlQ,Vicc Gotti,2015-09-19T03:02:35Z,117422467,283000,766,"/m/019_rr,/m/02jjt,/m/02vxn","https://en.wikipedia.org/wiki/Lifestyle_(sociology),https://en.wikipedia.org/wiki/Entertainment,https://en.wikipedia.org/wiki/Film"
UCJlpNLY2NmXRzLM2cWP2FdA,Jeremy Littel,2020-11-19T15:31:42.364686Z,265356970,734000,1306,"/m/02vxn,/m/02jjt","https://en.wikipedia.org/wiki/Film,https://en.wikipedia.org/wiki/Entertainment"
UCTyvyVpWyspz8-anuyXUreA,Scott Prop and Roll,2021-04-27T02:45:20.577668Z,756918538,1240000,750,"/m/019_rr,/m/02jjt,/m/02vxn","https://en.wikipedia.org/wiki/Lifestyle_(sociology),https://en.wikipedia.org/wiki/Entertainment,https://en.wikipedia.org/wiki/Film"
UC5ujvySyX2svDmsle_--dpA,CBC,2007-03-02T19:34:49Z,330350470,532000,7025,"/m/02vxn,/m/0f2f9,/m/02jjt","https://en.wikipedia.org/wiki/Film,https://en.wikipedia.org/wiki/Television_program,https://en.wikipedia.org/wiki/Entertainment"
UCp57F5CkOeM18OrlIf_G5Qw,Funny AI Art,2024-04-29T06:35:28.838901Z,16397533,121000,169,"/m/02vxn,/m/02jjt,/m/09kqc","https://en.wikipedia.org/wiki/Film,https://en.wikipedia.org/wiki/Entertainment,https://en.wikipedia.org/wiki/Humour"
UCiOAIrsZmYgOd0GA2QKI7wQ,Comedy Clips Central,2023-02-19T17:58:59.364952Z,1175792826,976000,1340,"/m/02vxn,/m/02jjt,/m/09kqc","https://en.wikipedia.org/wiki/Film,https://en.wikipedia.org/wiki/Entertainment,https://en.wikipedia.org/wiki/Humour"
UC3B-Mhaj_RqsCoaH7tpsS-Q,Luffy ,2020-10-18T01:04:45.639851Z,49785583,579000,79,"/m/02vxn,/m/02jjt,/m/0bzvm2","https://en.wikipedia.org/wiki/Film,https://en.wikipedia.org/wiki/Entertainment,https://en.wikipedia.org/wiki/Video_game_culture"
UC2uqduIrS_NCnYHUEtEyv8g,Gmoydi,2023-07-23T19:10:12.783063Z,118493054,136000,127,"/m/09kqc,/m/02vxn,/m/02jjt","https://en.wikipedia.org/wiki/Humour,https://en.wikipedia.org/wiki/Film,https://en.wikipedia.org/wiki/Entertainment"
UCJQsW7LeVEIDCEJU47NmXBA,The McCartys,2013-07-08T15:24:43Z,17943089785,13000000,2759,"/m/02jjt,/m/02vxn","https://en.wikipedia.org/wiki/Entertainment,https://en.wikipedia.org/wiki/Film"
UCo5ij6AzLdebmBbqfPIzr8g,ToonTubers,2024-04-30T10:49:34.152145Z,137962811,536000,107,"/m/02vxn,/m/02jjt,/m/0bzvm2","https://en.wikipedia.org/wiki/Film,https://en.wikipedia.org/wiki/Entertainment,https://en.wikipedia.org/wiki/Video_game_culture"
UCBU1iuJZN6UtBjQcgvuwJ_Q,Justin Stagner ,2022-07-28T22:01:45.15916Z,32185694,110000,177,"/m/019_rr,/m/02jjt,/m/02vxn","https://en.wikipedia.org/wiki/Lifestyle_(sociology),https://en.wikipedia.org/wiki/Entertainment,https://en.wikipedia.org/wiki/Film"
UCKsnrO82MBSKC6nBAgeG77g,Farry,2024-05-23T04:07:02.406002Z,38722365,21900,103,"/m/02vxn,/m/02jjt","https://en.wikipedia.org/wiki/Film,https://en.wikipedia.org/wiki/Entertainment"
UCAg8tUv0g5tydmqxPnejz9A,Wind_TV,2024-09-02T07:18:00.649136Z,13829609,16800,77,"/m/02vxn,/m/02jjt,/m/0f2f9","https://en.wikipedia.org/wiki/Film,https://en.wikipedia.org/wiki/Entertainment,https://en.wikipedia.org/wiki/Television_program"
UClecvVRSry_L07QSCHK4arg,MICHAEL & COLIN,2023-02-16T13:09:09.676659Z,406398177,438000,584,"/m/02vxn,/m/0f2f9,/m/02jjt,/m/09kqc","https://en.wikipedia.org/wiki/Film,https://en.wikipedia.org/wiki/Television_program,https://en.wikipedia.org/wiki/Entertainment,https://en.wikipedia.org/wiki/Humour"
UCmEif6jmFPLsOKJozos7XdQ,SAPUTRA,2024-02-01T05:46:30.139399Z,111739714,377000,149,"/m/019_rr,/m/068hy,/m/02vxn,/m/02jjt","https://en.wikipedia.org/wiki/Lifestyle_(sociology),https://en.wikipedia.org/wiki/Pet,https://en.wikipedia.org/wiki/Film,https://en.wikipedia.org/wiki/Entertainment"
UC4ZHneTsPc0VeSh-IbI8p_g,Pocket Movies,2024-04-10T10:31:57.081593Z,194006269,124000,366,"/m/02vxn,/m/02jjt","https://en.wikipedia.org/wiki/Film,https://en.wikipedia.org/wiki/Entertainment"
UCovgFzicwHQXCNRonAoe1aQ,ghost22062206,2007-03-15T08:42:52Z,181374763,105000,116,"/m/02vxn,/m/02jjt,/m/01h6rj","https://en.wikipedia.org/wiki/Film,https://en.wikipedia.org/wiki/Entertainment,https://en.wikipedia.org/wiki/Military"
UCpfmJn3TfVq3FJ3OctsDEjw,Phoebe Clips ,2024-06-25T10:25:11.140235Z,67027026,42200,211,"/m/02jjt,/m/02vxn,/m/0f2f9","https://en.wikipedia.org/wiki/Entertainment,https://en.wikipedia.org/wiki/Film,https://en.wikipedia.org/wiki/Television_program"
UCZg-bcxgD3AEpWfeU47FLqg,Elos,2023-08-31T23:18:24.330392Z,15402580,41400,142,"/m/019_rr,/m/02vxn,/m/09kqc,/m/02jjt","https://en.wikipedia.org/wiki/Lifestyle_(sociology),https://en.wikipedia.org/wiki/Film,https://en.wikipedia.org/wiki/Humour,https://en.wikipedia.org/wiki/Entertainment"
UC9xGsFc1c5DMSWCBvdiGQ4g,xunmasked,2017-02-11T19:50:52Z,606766989,493000,169,"/m/0f2f9,/m/02vxn,/m/02jjt","https://en.wikipedia.org/wiki/Television_program,https://en.wikipedia.org/wiki/Film,https://en.wikipedia.org/wiki/Entertainment"
UCSoJcY9wS0_L2yWOTWJWV5Q,Make Some Noise,2013-12-13T21:45:53Z,145066825,172000,146,"/m/02vxn,/m/02jjt,/m/0f2f9,/m/09kqc","https://en.wikipedia.org/wiki/Film,https://en.wikipedia.org/wiki/Entertainment,https://en.wikipedia.org/wiki/Television_program,https://en.wikipedia.org/wiki/Humour"
UCdHgqtc0BjWDLVXNeNICAlw,Jaice King,2018-10-17T15:52:23Z,63544464,29800,55,"/m/02vxn,/m/0f2f9,/m/02jjt","https://en.wikipedia.org/wiki/Film,https://en.wikipedia.org/wiki/Television_program,https://en.wikipedia.org/wiki/Entertainment"
UCDq5xAAgPXG9_39ptF3j3Hg,ν‘Έν–‡ν‘Έν–‡,2024-04-30T08:22:34.780391Z,508339885,962000,98,"/m/03glg,/m/019_rr,/m/02vxn,/m/02jjt","https://en.wikipedia.org/wiki/Hobby,https://en.wikipedia.org/wiki/Lifestyle_(sociology),https://en.wikipedia.org/wiki/Film,https://en.wikipedia.org/wiki/Entertainment"
UCxRGk49YNiW3Cq8s7MGknqw,joshiiwuh,2012-10-11T02:14:03Z,1539241679,3030000,343,"/m/09kqc,/m/02jjt,/m/02vxn","https://en.wikipedia.org/wiki/Humour,https://en.wikipedia.org/wiki/Entertainment,https://en.wikipedia.org/wiki/Film"
UC6KqYa6wbZho4l81DaLYJ4A,AndrΓ©s Andel,2024-05-31T19:33:46.78117Z,66153521,112000,31,"/m/02jjt,/m/02vxn,/m/019_rr","https://en.wikipedia.org/wiki/Entertainment,https://en.wikipedia.org/wiki/Film,https://en.wikipedia.org/wiki/Lifestyle_(sociology)"
UC-r4Tg3nBRALtxJn12fFP_Q,Phil Hanley,2020-10-16T22:58:04.243745Z,392637954,560000,659,"/m/02jjt,/m/02vxn,/m/09kqc","https://en.wikipedia.org/wiki/Entertainment,https://en.wikipedia.org/wiki/Film,https://en.wikipedia.org/wiki/Humour"
UCdiIWLElRVvZc4hDe1CMKAg,Movie,2023-10-12T13:45:52.412925Z,70332324,57600,139,"/m/02jjt,/m/02vxn","https://en.wikipedia.org/wiki/Entertainment,https://en.wikipedia.org/wiki/Film"
UCLee_L9mUokkDar6OlCIeTQ,StojDoes,2007-01-12T22:55:13Z,305163947,247000,270,"/m/02jjt,/m/02vxn,/m/019_rr","https://en.wikipedia.org/wiki/Entertainment,https://en.wikipedia.org/wiki/Film,https://en.wikipedia.org/wiki/Lifestyle_(sociology)"
UC6Pe-hXQUHvkA_V8H4xSUeQ,γ€π•‚π•’π•«β„™π•π•’π•π•«_π•π•‹γ€,2021-12-15T21:56:18.91696Z,8156374,53100,979,"/m/02vxn,/m/02jjt","https://en.wikipedia.org/wiki/Film,https://en.wikipedia.org/wiki/Entertainment"
UCLieTWx74Jty5p3SJAJCxzQ,Albert Recapped,2024-06-21T02:42:01.70343Z,147086845,117000,329,"/m/02jjt,/m/02vxn,/m/0f2f9","https://en.wikipedia.org/wiki/Entertainment,https://en.wikipedia.org/wiki/Film,https://en.wikipedia.org/wiki/Television_program"
UCSb_Sui6FBxVS4_ROsrU_Iw,Natural Habitat Shorts,2021-08-27T19:19:25.681978Z,1305810310,3950000,90,"/m/02vxn,/m/02jjt","https://en.wikipedia.org/wiki/Film,https://en.wikipedia.org/wiki/Entertainment"
UCa6vGFO9ty8v5KZJXQxdhaw,Jimmy Kimmel Live,2006-09-20T06:18:26Z,13985592145,19700000,7065,"/m/02vxn,/m/05qt0,/m/02jjt,/m/0f2f9,/m/098wr","https://en.wikipedia.org/wiki/Film,https://en.wikipedia.org/wiki/Politics,https://en.wikipedia.org/wiki/Entertainment,https://en.wikipedia.org/wiki/Television_program,https://en.wikipedia.org/wiki/Society"
UCEakj6jI7jTklY8uOA4Tpig,Matthew Ables,2010-09-14T00:05:30Z,510171716,652000,156,"/m/02vxn,/m/019_rr,/m/09kqc,/m/02jjt","https://en.wikipedia.org/wiki/Film,https://en.wikipedia.org/wiki/Lifestyle_(sociology),https://en.wikipedia.org/wiki/Humour,https://en.wikipedia.org/wiki/Entertainment"
UCfGksnNNmDKXQPa1Tu8MnOQ,ZoomPYY,2024-08-08T02:57:23.507148Z,192959547,104000,141,"/m/02jjt,/m/02vxn","https://en.wikipedia.org/wiki/Entertainment,https://en.wikipedia.org/wiki/Film"
UCstQvkv_ZxqPybXHIz_HujA,StormsyTV,2017-05-14T20:47:13Z,2296670,101000,23,"/m/02jjt,/m/02vxn","https://en.wikipedia.org/wiki/Entertainment,https://en.wikipedia.org/wiki/Film"
UCQgVN28p4k6yYbEq9n3OnTg,Cinema Shorts,2015-11-11T07:36:31Z,188990632,133000,640,"/m/02vxn,/m/02jjt","https://en.wikipedia.org/wiki/Film,https://en.wikipedia.org/wiki/Entertainment"
UC-fIOAuozqNXLKvfhfTytqw,Relay Edits,2015-07-19T23:36:49Z,374023264,350000,440,"/m/02vxn,/m/02jjt,/m/0f2f9","https://en.wikipedia.org/wiki/Film,https://en.wikipedia.org/wiki/Entertainment,https://en.wikipedia.org/wiki/Television_program"
UC9e0qpCqJO8ZStZwCBQNGjA,Restatement of judgment ,2023-11-27T12:28:06.28977Z,97914198,48400,214,"/m/02jjt,/m/02vxn,/m/0f2f9","https://en.wikipedia.org/wiki/Entertainment,https://en.wikipedia.org/wiki/Film,https://en.wikipedia.org/wiki/Television_program"
UCr_pNqrGbzmQj5dY6D6VHDQ,Simpsons TV,2024-06-14T08:53:34.154442Z,80614352,81600,217,"/m/02jjt,/m/02vxn,/m/019_rr","https://en.wikipedia.org/wiki/Entertainment,https://en.wikipedia.org/wiki/Film,https://en.wikipedia.org/wiki/Lifestyle_(sociology)"
UCrWb3HFqXR_TCwqwGzjb90A,Tate IBINGUE,2016-10-30T04:28:17Z,8691709,23100,174,"/m/02jjt,/m/098wr,/m/05qt0","https://en.wikipedia.org/wiki/Entertainment,https://en.wikipedia.org/wiki/Society,https://en.wikipedia.org/wiki/Politics"
UCr4rcT2wBfz60SxCM5kyV_w,Bambi Tv,2019-01-15T13:10:33Z,23396441,78100,1698,"/m/02vxn,/m/02jjt","https://en.wikipedia.org/wiki/Film,https://en.wikipedia.org/wiki/Entertainment"
UC6yWIz6-3JsOUAw2HBwup-w,Aaron2587,2024-07-12T11:42:27.88278Z,21266318,22700,182,"/m/0f2f9,/m/02vxn,/m/02jjt","https://en.wikipedia.org/wiki/Television_program,https://en.wikipedia.org/wiki/Film,https://en.wikipedia.org/wiki/Entertainment"
UCuyhBZmYTgI9bjWVT-XBmrA,House Of Geniuses,2007-01-02T18:08:34Z,89198900,46600,134,"/m/02vxn,/m/02jjt,/m/0f2f9","https://en.wikipedia.org/wiki/Film,https://en.wikipedia.org/wiki/Entertainment,https://en.wikipedia.org/wiki/Television_program"
UC_MId0OgI4uYYCfU_smoRlA,Dragon Soul in the Shadow Realm,2024-06-05T02:44:48.888362Z,65384826,35800,132,"/m/02jjt,/m/02vxn,/m/0f2f9","https://en.wikipedia.org/wiki/Entertainment,https://en.wikipedia.org/wiki/Film,https://en.wikipedia.org/wiki/Television_program"
UCMk2R5nz4dO55z4maJ-gmrw,What The F,2021-10-27T19:41:53.993074Z,690083484,995000,71,"/m/09kqc,/m/02jjt,/m/02vxn","https://en.wikipedia.org/wiki/Humour,https://en.wikipedia.org/wiki/Entertainment,https://en.wikipedia.org/wiki/Film"
UC-dIYwXp7P3wUE5HeLtceZQ,Jacob Evie,2024-05-14T07:25:13.549105Z,204511287,79400,365,"/m/02jjt,/m/02vxn","https://en.wikipedia.org/wiki/Entertainment,https://en.wikipedia.org/wiki/Film"
UC7zsxKqd5MicTf4VhS9Y74g,Kurtis Conner,2014-04-14T22:03:51Z,935938201,5130000,237,"/m/02jjt,/m/02vxn,/m/09kqc,/m/019_rr","https://en.wikipedia.org/wiki/Entertainment,https://en.wikipedia.org/wiki/Film,https://en.wikipedia.org/wiki/Humour,https://en.wikipedia.org/wiki/Lifestyle_(sociology)"
UCzY_sIOOHeCobumpqJrjdig,marrkadams,2011-12-26T18:52:28Z,11280789233,12500000,3332,"/m/02vxn,/m/02jjt","https://en.wikipedia.org/wiki/Film,https://en.wikipedia.org/wiki/Entertainment"
UCqT2dH0cAodHongXFv7wU9Q,MovieTime,2024-04-12T18:14:58.904128Z,1725352297,990000,523,"/m/02jjt,/m/02vxn,/m/0f2f9","https://en.wikipedia.org/wiki/Entertainment,https://en.wikipedia.org/wiki/Film,https://en.wikipedia.org/wiki/Television_program"
UC8Bl_sP2qE4c5F9mg1pNWBw,CB MIDIA,2019-07-09T20:31:48Z,3461659559,4780000,1346,"/m/02vxn,/m/02jjt,/m/0f2f9","https://en.wikipedia.org/wiki/Film,https://en.wikipedia.org/wiki/Entertainment,https://en.wikipedia.org/wiki/Television_program"
UCxW0P1-4PTmZ1-u22kxbMgg,KhianKB,2015-06-14T04:08:03Z,116278105,387000,35,"/m/09kqc,/m/02jjt,/m/02vxn","https://en.wikipedia.org/wiki/Humour,https://en.wikipedia.org/wiki/Entertainment,https://en.wikipedia.org/wiki/Film"
UC20LNUoBRKfV22BPh3pTxow,Success Freedom Inspires,2016-08-05T09:16:16Z,1999052527,2290000,1003,"/m/02vxn,/m/02jjt,/m/0f2f9","https://en.wikipedia.org/wiki/Film,https://en.wikipedia.org/wiki/Entertainment,https://en.wikipedia.org/wiki/Television_program"
UCBiwPX2FFP4lhDdotS5dZdA,Anna Classic Recap,2024-05-22T11:23:04.565895Z,31333343,39400,364,"/m/02jjt,/m/02vxn","https://en.wikipedia.org/wiki/Entertainment,https://en.wikipedia.org/wiki/Film"
UCSOZ6u343x8SIXWeMiiEkXw,Rroi Anime,2024-08-08T12:37:14.901559Z,14985681,20900,65,"/m/02vxn,/m/02jjt,/m/019_rr","https://en.wikipedia.org/wiki/Film,https://en.wikipedia.org/wiki/Entertainment,https://en.wikipedia.org/wiki/Lifestyle_(sociology)"
