videoId,topicCategoryId
ubbCaKyloSw,0
Bn1i70BNrec,0
8bkXUkZW370,0
_iPnlcpNa_Q,0
xqIt4T1C2gY,0
ByWt4MkeZwA,0
txesXaVNCh0,0
4ApQxMJbBMc,0
AafBunu-k2U,0
QptdRsyFvFU,0
Uffxq_l1jHw,0
Kfu4ev_DYu4,0
f57IAMKZJnE,0
z6H0N3ylfDk,0
iimBE-r0piI,0
WgTTohVI634,0
4_YJiiWMZR4,0
DLa1oHpr5g4,0
8I-sm3kdzes,0
DN9-M4epAoA,0
52Z245i0fsg,0
i-pdbprgSBM,0
ubbCaKyloSw,1
Bn1i70BNrec,1
8bkXUkZW370,1
_iPnlcpNa_Q,1
xqIt4T1C2gY,1
ByWt4MkeZwA,1
txesXaVNCh0,1
4ApQxMJbBMc,1
AafBunu-k2U,1
QptdRsyFvFU,1
Uffxq_l1jHw,1
Kfu4ev_DYu4,1
f57IAMKZJnE,1
z6H0N3ylfDk,1
iimBE-r0piI,1
WgTTohVI634,1
4_YJiiWMZR4,1
DLa1oHpr5g4,1
8I-sm3kdzes,1
DN9-M4epAoA,1
52Z245i0fsg,1
ubbCaKyloSw,2
ubbCaKyloSw,3
Kfu4ev_DYu4,3
f57IAMKZJnE,3
Bn1i70BNrec,4
AafBunu-k2U,4
z6H0N3ylfDk,4
4ApQxMJbBMc,5
z6H0N3ylfDk,6
i-pdbprgSBM,1
bLbFCCWeF7I,0
bLbFCCWeF7I,1
8rvEeOcOD7E,0
8rvEeOcOD7E,1
8rvEeOcOD7E,3
Yzoc8KLvER0,0
Yzoc8KLvER0,1
Yzoc8KLvER0,4
xtiQ5ehn_ac,0
xtiQ5ehn_ac,1
xtiQ5ehn_ac,3
xtiQ5ehn_ac,7
XRl_LYCFR20,0
XRl_LYCFR20,1
_t6G2nKasvM,0
_t6G2nKasvM,1
_t6G2nKasvM,6
BEiyRIPzZRM,0
BEiyRIPzZRM,1
hxgGllDxfBs,0
hxgGllDxfBs,1
N6sAmhU546s,0
N6sAmhU546s,1
14GF4rfH_MQ,0
14GF4rfH_MQ,1
14GF4rfH_MQ,4
Qv2SpJi8FH8,0
Qv2SpJi8FH8,1
Qv2SpJi8FH8,4
AeegYUWJXTQ,0
AeegYUWJXTQ,1
RkdQ4VuAsc8,0
RkdQ4VuAsc8,1
XDzQYXhv0pM,0
XDzQYXhv0pM,1
kZLYH8V_Rik,0
kZLYH8V_Rik,1
n5q_It9qoao,0
n5q_It9qoao,1
cyztLteyung,0
cyztLteyung,1
cyztLteyung,8
cyztLteyung,9
hGG4nn0mP3A,0
hGG4nn0mP3A,1
hGG4nn0mP3A,4
4E0F4a9dL4k,0
4E0F4a9dL4k,1
4E0F4a9dL4k,4
xMpVp8od9ZI,0
xMpVp8od9ZI,1
xMpVp8od9ZI,3
p6wSIsVMzc8,0
p6wSIsVMzc8,1
p6wSIsVMzc8,4
1pdlvyhmXcU,0
1pdlvyhmXcU,1
1pdlvyhmXcU,3
NN1lPb7vPlE,0
NN1lPb7vPlE,1
QqIfjcF8U-I,0
QqIfjcF8U-I,1
QqIfjcF8U-I,4
qGjOGkMAHuo,0
qGjOGkMAHuo,1
fefuSX29HAQ,0
fefuSX29HAQ,1
fefuSX29HAQ,4
4zB01L68DL0,0
4zB01L68DL0,1
4zB01L68DL0,3
es2efahg72I,0
es2efahg72I,1
es2efahg72I,3
P9LEhY2ZTYw,0
P9LEhY2ZTYw,1
K6pn78fiV3Q,0
K6pn78fiV3Q,1
GvU4KR-LShg,0
GvU4KR-LShg,1
Kh96iQNe8ec,0
Kh96iQNe8ec,1
BnKsDFeUfAw,0
BnKsDFeUfAw,1
BnKsDFeUfAw,8
TGrPL5y1rpA,0
TGrPL5y1rpA,1
lMAJamB1Vvo,0
lMAJamB1Vvo,1
lMAJamB1Vvo,4
tVYG4EBLeSQ,0
tVYG4EBLeSQ,1
B9-WN_oATf8,0
B9-WN_oATf8,1
B9-WN_oATf8,4
rZu-H2YE984,0
rZu-H2YE984,1
rZu-H2YE984,4
ibyz8atGGZw,0
ibyz8atGGZw,1
ibyz8atGGZw,3
qRB17Voi9Fw,0
qRB17Voi9Fw,1
qRB17Voi9Fw,3
87mFqp0IOg8,0
87mFqp0IOg8,1
87mFqp0IOg8,4
1NeUFkgRkrg,0
1NeUFkgRkrg,1
1NeUFkgRkrg,4
INFoU0Rh6i4,0
INFoU0Rh6i4,1
INFoU0Rh6i4,3
XOTT4Sp-OD8,0
XOTT4Sp-OD8,1
XOTT4Sp-OD8,3
XOTT4Sp-OD8,4
OLx4KWga28g,0
OLx4KWga28g,1
OLx4KWga28g,4
gtZ2nOv8a_0,0
gtZ2nOv8a_0,1
CYUVQE5lbdc,0
CYUVQE5lbdc,1
CYUVQE5lbdc,4
q8-zI8R7wIU,0
q8-zI8R7wIU,1
CyybK71-pzM,0
CyybK71-pzM,1
CyybK71-pzM,4
ADoAVPqvJDY,0
ADoAVPqvJDY,1
ADoAVPqvJDY,3
ZZxypeyhkXw,0
ZZxypeyhkXw,1
ZZxypeyhkXw,3
ZZxypeyhkXw,10
ZZxypeyhkXw,4
mJZJU-DuVtk,0
mJZJU-DuVtk,1
JpS_ddJSMWk,0
JpS_ddJSMWk,1
WqlZ4LvHlKU,0
WqlZ4LvHlKU,1
uQ2gaQNcEVA,0
uQ2gaQNcEVA,1
DDZzIAgCAYs,0
DDZzIAgCAYs,1
DDZzIAgCAYs,4
SXHHb0TCZNM,0
SXHHb0TCZNM,1
0qSWLb69ldM,0
0qSWLb69ldM,1
0qSWLb69ldM,3
TU364uMVZMY,0
TU364uMVZMY,1
Fx8QRO3QbKA,0
Fx8QRO3QbKA,1
Fx8QRO3QbKA,4
Ois0R5oxHIE,0
Ois0R5oxHIE,1
Ois0R5oxHIE,4
EQbs7JoAhiE,0
EQbs7JoAhiE,1
EQbs7JoAhiE,3
dU08cgZhNr8,0
dU08cgZhNr8,1
bsK-dWQl24I,0
bsK-dWQl24I,1
hi0o3f128C8,0
hi0o3f128C8,1
hi0o3f128C8,7
vUJokXcfnNg,0
vUJokXcfnNg,1
vUJokXcfnNg,4
yWFJKv5Zdh4,0
yWFJKv5Zdh4,1
yWFJKv5Zdh4,4
An9wGXvdwKE,0
An9wGXvdwKE,1
An9wGXvdwKE,3
T3DpRZSVG8Y,0
T3DpRZSVG8Y,1
T3DpRZSVG8Y,4
MLxdBdlMo-0,0
MLxdBdlMo-0,1
gKBZzzuaaj0,0
gKBZzzuaaj0,1
XDJKD59RE18,0
XDJKD59RE18,1
XDJKD59RE18,4
u_SgvtFIRk8,0
u_SgvtFIRk8,1
jPFuQitrqI8,0
jPFuQitrqI8,1
jPFuQitrqI8,3
g-bguUoqAF8,0
g-bguUoqAF8,1
bLxpbBijpOA,0
bLxpbBijpOA,1
bLxpbBijpOA,4
tlJbsHoXHVc,0
tlJbsHoXHVc,1
frwE7e9i_8Y,0
frwE7e9i_8Y,1
GlrHlpIwl2I,0
GlrHlpIwl2I,1
GlrHlpIwl2I,2
o2jfEfZ9ils,0
o2jfEfZ9ils,1
05i1-cTRxvc,0
05i1-cTRxvc,1
hUnb-mcIq6k,0
hUnb-mcIq6k,1
hUnb-mcIq6k,3
9zYAavr3MR8,0
9zYAavr3MR8,1
9zYAavr3MR8,4
exwR5cbtdYs,0
exwR5cbtdYs,1
JxcWL0Wi028,0
JxcWL0Wi028,1
30ReVt-nhpQ,0
30ReVt-nhpQ,1
VuntOxD3ln0,0
VuntOxD3ln0,1
VuntOxD3ln0,3
6lBblsiC8m4,0
6lBblsiC8m4,1
DIcc-4qLq3E,0
DIcc-4qLq3E,1
FsQVPgr8mi0,0
FsQVPgr8mi0,1
fp0iIncsLfc,0
fp0iIncsLfc,1
fp0iIncsLfc,4
1GLXueTJ2cY,0
1GLXueTJ2cY,1
nGJqNVlS9fY,0
nGJqNVlS9fY,1
nGJqNVlS9fY,3
nGJqNVlS9fY,4
8N_F-4XiXIo,0
8N_F-4XiXIo,1
yTlT_AcF050,0
yTlT_AcF050,1
yTlT_AcF050,3
pCFcQbkI7m4,0
pCFcQbkI7m4,1
CJotQooyNaE,0
CJotQooyNaE,1
JjAdETMV2fc,0
JjAdETMV2fc,1
LGqPxck0BWM,0
LGqPxck0BWM,1
efJ1A-F2cco,0
efJ1A-F2cco,1
efJ1A-F2cco,4
EftZl7uN6-Y,0
EftZl7uN6-Y,1
krBeIaZp0Ao,0
krBeIaZp0Ao,1
DGa7JDq9NqM,0
DGa7JDq9NqM,1
tuURwXXVx_M,0
tuURwXXVx_M,1
g0JRJKLKKpQ,0
g0JRJKLKKpQ,1
g0JRJKLKKpQ,3
x_uyel7v6MQ,0
x_uyel7v6MQ,1
x_uyel7v6MQ,4
mHJiMzYBrr4,0
mHJiMzYBrr4,1
lKXc5O85uP8,0
lKXc5O85uP8,1
MqNc6G8VxG0,0
MqNc6G8VxG0,1
MqNc6G8VxG0,4
OJBL7HnrAJ8,0
OJBL7HnrAJ8,1
OJBL7HnrAJ8,4
2ehM6J3INRw,0
2ehM6J3INRw,1
2ehM6J3INRw,3
A4FGi4ZYwic,0
A4FGi4ZYwic,1
LWdqpgqk5-k,0
LWdqpgqk5-k,1
4bZn840EKlM,0
4bZn840EKlM,1
4bZn840EKlM,3
4bZn840EKlM,4
q78v-CsfoEk,0
q78v-CsfoEk,1
hslRsaBNn1o,0
hslRsaBNn1o,1
hslRsaBNn1o,3
nChVD5SsE94,0
nChVD5SsE94,1
qQAEtgC9FxU,0
qQAEtgC9FxU,1
qQAEtgC9FxU,3
SQsKScECg0g,0
SQsKScECg0g,1
bL-QfQ-SFg8,0
bL-QfQ-SFg8,1
vzQ6ADxCpFE,0
vzQ6ADxCpFE,1
Q0YTZtJ6Ldo,0
Q0YTZtJ6Ldo,1
Q0YTZtJ6Ldo,6
U9Lsc2py7Oc,0
U9Lsc2py7Oc,1
U9Lsc2py7Oc,3
iNq-rzxiGAg,0
iNq-rzxiGAg,1
iNq-rzxiGAg,4
BHH4kJ3pG2E,0
BHH4kJ3pG2E,1
3jqRh7ah8Kk,0
3jqRh7ah8Kk,1
gsp0OB1I890,0
gsp0OB1I890,1
1scR3d7gGvM,0
1scR3d7gGvM,1
1scR3d7gGvM,4
0MyuFUx3Cm8,0
0MyuFUx3Cm8,1
VMQz9kcjz8Q,0
VMQz9kcjz8Q,1
XzVCmnZcsKo,0
XzVCmnZcsKo,1
M2angQX_0fg,0
M2angQX_0fg,1
3KwDJv9V9bQ,0
3KwDJv9V9bQ,1
QkduhvX54hU,0
QkduhvX54hU,1
tA-Fk6ZGzwI,0
tA-Fk6ZGzwI,1
dq4a2tLAoR8,0
dq4a2tLAoR8,1
g5cFqXQzmos,0
g5cFqXQzmos,1
7u_NQh85xxc,0
7u_NQh85xxc,1
7u_NQh85xxc,3
Vyjsbt7gu_o,0
Vyjsbt7gu_o,1
LWjtzucQMOw,0
LWjtzucQMOw,1
SIl3YctNJVI,0
SIl3YctNJVI,1
SIl3YctNJVI,10
bZmY5NlmDE0,0
bZmY5NlmDE0,1
bZmY5NlmDE0,4
RQ3JgeBW1Rg,0
RQ3JgeBW1Rg,1
2j--yu_BItM,0
2j--yu_BItM,1
2j--yu_BItM,4
DmHmEknr0fI,0
DmHmEknr0fI,1
DmHmEknr0fI,4
dnPW37kfU8A,0
dnPW37kfU8A,1
dnPW37kfU8A,4
XMj1WZxvhdo,0
XMj1WZxvhdo,1
xsY7hI_GF68,0
xsY7hI_GF68,1
2wu6MVwAd4o,0
2wu6MVwAd4o,1
SegQAaIx-Yk,0
SegQAaIx-Yk,1
SegQAaIx-Yk,3
SegQAaIx-Yk,8
0Lfwjvu-x6I,0
0Lfwjvu-x6I,1
0Lfwjvu-x6I,8
-L9TOxCAToM,0
-L9TOxCAToM,1
DbzwB-0otZw,0
DbzwB-0otZw,1
XbLi9bE9q6o,0
XbLi9bE9q6o,1
qMxRJaRZS8o,0
qMxRJaRZS8o,1
WFITOJFvUXs,0
WFITOJFvUXs,1
WFITOJFvUXs,11
WFITOJFvUXs,4
vI4zUtkb61I,0
vI4zUtkb61I,1
DGLoTSZ-egY,0
DGLoTSZ-egY,1
DGLoTSZ-egY,4
GoE32OcHwnc,0
GoE32OcHwnc,1
n2S69_ithEw,0
n2S69_ithEw,1
9z6TG3rpH2c,0
9z6TG3rpH2c,1
9z6TG3rpH2c,4
AENjseCbenc,0
AENjseCbenc,1
AENjseCbenc,4
20ChpMCQrv4,0
20ChpMCQrv4,1
4WfuedVjh9k,0
4WfuedVjh9k,1
E1NiHXmDrlA,0
E1NiHXmDrlA,1
HgHXtmMa0TM,0
HgHXtmMa0TM,1
HgHXtmMa0TM,4
btug9pWqehs,0
btug9pWqehs,1
btug9pWqehs,4
_XjvX9Qs33s,0
_XjvX9Qs33s,1
_XjvX9Qs33s,4
WC1WIqQtAQI,0
WC1WIqQtAQI,1
WC1WIqQtAQI,3
WOBWLpxmMiQ,0
WOBWLpxmMiQ,1
7ZZ58GYsM8o,0
7ZZ58GYsM8o,1
AZ_M5S95vuQ,0
AZ_M5S95vuQ,1
Mx4C67KtNWk,0
Mx4C67KtNWk,1
Mx4C67KtNWk,4
6mR3eLldAqY,0
6mR3eLldAqY,1
inY-5nkBPow,0
inY-5nkBPow,1
inY-5nkBPow,3
6O9ViEXQp5E,0
6O9ViEXQp5E,1
FC2XJpmVtfo,0
FC2XJpmVtfo,1
unyrQI1Uguk,0
unyrQI1Uguk,1
fWpX44QDWDU,12
fWpX44QDWDU,13
fWpX44QDWDU,14
PGPGG3guotc,15
PGPGG3guotc,16
PGPGG3guotc,17
PGPGG3guotc,12
PGPGG3guotc,14
ZBnl8R0ip0g,15
ZBnl8R0ip0g,12
ZBnl8R0ip0g,14
WS0vTRl_2PQ,14
uL48UvhI49o,12
uL48UvhI49o,14
bRQEB0CImwk,14
9mjzVY1wKOc,15
9mjzVY1wKOc,16
9mjzVY1wKOc,12
9mjzVY1wKOc,14
Z-ZD-JRs_VQ,15
Z-ZD-JRs_VQ,12
Z-ZD-JRs_VQ,13
Z-ZD-JRs_VQ,14
lbbv3sNsnWU,15
lbbv3sNsnWU,16
lbbv3sNsnWU,12
lbbv3sNsnWU,14
_VwVGwNA3Xs,16
_VwVGwNA3Xs,12
_VwVGwNA3Xs,14
NHbQ8HvsXPc,15
NHbQ8HvsXPc,16
NHbQ8HvsXPc,12
NHbQ8HvsXPc,14
cRpvpsrqkx4,14
cKgwYhRSry4,17
cKgwYhRSry4,14
_N0h9aJrBDc,16
_N0h9aJrBDc,14
7xGWwXMnC3s,15
7xGWwXMnC3s,16
7xGWwXMnC3s,18
7xGWwXMnC3s,14
xrOiYHC0SaY,15
xrOiYHC0SaY,12
xrOiYHC0SaY,14
Eyo4NisUQOk,16
Eyo4NisUQOk,12
Eyo4NisUQOk,14
xkoKIveoMeY,14
PrJyodeMf18,15
PrJyodeMf18,16
PrJyodeMf18,12
PrJyodeMf18,14
FHGZF75lTQg,17
FHGZF75lTQg,12
FHGZF75lTQg,13
FHGZF75lTQg,14
YiruFANZ1TM,15
YiruFANZ1TM,16
YiruFANZ1TM,12
YiruFANZ1TM,14
wc2ZAbZSYas,12
wc2ZAbZSYas,13
wc2ZAbZSYas,14
KzoI206eYuw,16
KzoI206eYuw,12
KzoI206eYuw,14
swbY3JjnEgM,14
AbS04UIrxmg,15
AbS04UIrxmg,16
AbS04UIrxmg,14
2fpV69UZ-Cg,14
BI2CYoM-upA,15
BI2CYoM-upA,16
BI2CYoM-upA,14
ShPfE-7k4nE,15
ShPfE-7k4nE,12
ShPfE-7k4nE,14
GJgHERWE_eg,15
GJgHERWE_eg,14
nTSOS90ZCoo,15
nTSOS90ZCoo,16
nTSOS90ZCoo,14
3SSGWTFYkm0,15
3SSGWTFYkm0,16
3SSGWTFYkm0,14
BTop1Al9trc,14
sDYyEgecqF0,14
xCzN6WNBeao,16
xCzN6WNBeao,12
xCzN6WNBeao,19
xCzN6WNBeao,14
1D-VttGNr4g,16
1D-VttGNr4g,12
1D-VttGNr4g,14
byhoiHfNlyc,15
byhoiHfNlyc,16
byhoiHfNlyc,12
byhoiHfNlyc,14
jvlDYOKfkBI,15
jvlDYOKfkBI,16
jvlDYOKfkBI,12
jvlDYOKfkBI,14
6oCiuKxgrzc,15
6oCiuKxgrzc,16
6oCiuKxgrzc,12
6oCiuKxgrzc,14
9uytt9NgZi8,15
9uytt9NgZi8,16
9uytt9NgZi8,12
9uytt9NgZi8,14
Rw5zdgF5g0Q,14
pXHLTMSZ8o8,15
pXHLTMSZ8o8,16
pXHLTMSZ8o8,12
pXHLTMSZ8o8,14
15AtGyQREmI,15
15AtGyQREmI,12
15AtGyQREmI,14
r69wXiZ-sw0,12
r69wXiZ-sw0,14
7qs4RS_HuAE,20
7qs4RS_HuAE,19
7qs4RS_HuAE,14
tOEgQ0cxNhQ,20
tOEgQ0cxNhQ,19
tOEgQ0cxNhQ,14
g8a_VAu50Kg,15
g8a_VAu50Kg,16
g8a_VAu50Kg,12
g8a_VAu50Kg,14
A8_hIqY0tcs,20
A8_hIqY0tcs,19
A8_hIqY0tcs,14
uu8TGTTWhEc,15
uu8TGTTWhEc,16
uu8TGTTWhEc,12
uu8TGTTWhEc,14
qzq1mVGF8Ss,15
qzq1mVGF8Ss,16
qzq1mVGF8Ss,12
qzq1mVGF8Ss,14
VFT0_7wKrw4,12
VFT0_7wKrw4,14
n-LZW35qHfs,15
n-LZW35qHfs,16
n-LZW35qHfs,12
n-LZW35qHfs,14
H1WaKQwKelM,15
H1WaKQwKelM,12
H1WaKQwKelM,13
H1WaKQwKelM,14
PX3YqLCscmA,15
PX3YqLCscmA,16
PX3YqLCscmA,17
PX3YqLCscmA,21
PX3YqLCscmA,12
PX3YqLCscmA,14
TudAYRIxPjw,15
TudAYRIxPjw,16
TudAYRIxPjw,21
TudAYRIxPjw,12
TudAYRIxPjw,14
2JkVTcgx_rw,15
2JkVTcgx_rw,16
2JkVTcgx_rw,12
2JkVTcgx_rw,14
wIhpD4Wi0lc,15
wIhpD4Wi0lc,16
wIhpD4Wi0lc,12
wIhpD4Wi0lc,14
cAuNkrsblt0,13
cAuNkrsblt0,14
-q2DIzcxgs4,14
--ftn3y_05E,14
yVJNZTf5M88,15
yVJNZTf5M88,16
yVJNZTf5M88,12
yVJNZTf5M88,14
fd6kzZk99TA,15
fd6kzZk99TA,16
fd6kzZk99TA,12
fd6kzZk99TA,14
g4zfT4W0PsE,14
3z23D2V_J_Y,15
3z23D2V_J_Y,16
3z23D2V_J_Y,12
3z23D2V_J_Y,19
3z23D2V_J_Y,14
qu-ooZcXzIs,14
JWUNyzwToUY,15
JWUNyzwToUY,16
JWUNyzwToUY,12
JWUNyzwToUY,14
ZsP22KsiuUo,16
ZsP22KsiuUo,12
ZsP22KsiuUo,14
u3Qj_vM5l1c,14
1cdpRPIqi60,15
1cdpRPIqi60,14
Hl6R3rHDLYU,15
Hl6R3rHDLYU,16
Hl6R3rHDLYU,12
Hl6R3rHDLYU,14
iKZWYC9L3Go,15
iKZWYC9L3Go,16
iKZWYC9L3Go,12
iKZWYC9L3Go,19
iKZWYC9L3Go,14
S-Q5ssEERxc,15
S-Q5ssEERxc,16
S-Q5ssEERxc,12
S-Q5ssEERxc,14
hV3pW8mzhUQ,15
hV3pW8mzhUQ,16
hV3pW8mzhUQ,12
hV3pW8mzhUQ,19
hV3pW8mzhUQ,14
xZFDVBoYNWo,15
xZFDVBoYNWo,16
xZFDVBoYNWo,12
xZFDVBoYNWo,14
oS8pPpCavjU,14
gcwaHh6c0NQ,15
gcwaHh6c0NQ,16
gcwaHh6c0NQ,12
gcwaHh6c0NQ,14
Apl0YNlt-Lo,15
Apl0YNlt-Lo,16
Apl0YNlt-Lo,12
Apl0YNlt-Lo,14
5lL0EovVe7U,20
5lL0EovVe7U,14
JpQOtc-YgUY,14
Z0SUaQQewxo,16
Z0SUaQQewxo,12
Z0SUaQQewxo,14
AApSbOFX8QM,15
AApSbOFX8QM,21
AApSbOFX8QM,14
FawzmATN0w4,15
FawzmATN0w4,16
FawzmATN0w4,14
k4_3-ulXkm8,15
k4_3-ulXkm8,16
k4_3-ulXkm8,14
w9XBlSsMhAA,16
w9XBlSsMhAA,12
w9XBlSsMhAA,19
w9XBlSsMhAA,14
yY1Z_pXxtzo,15
yY1Z_pXxtzo,16
yY1Z_pXxtzo,12
yY1Z_pXxtzo,14
Qrg92wDlUUg,15
Qrg92wDlUUg,16
Qrg92wDlUUg,12
Qrg92wDlUUg,14
CZFbISeEoUg,15
CZFbISeEoUg,16
CZFbISeEoUg,14
MqWvvcCyGE8,15
MqWvvcCyGE8,16
MqWvvcCyGE8,12
MqWvvcCyGE8,14
ibuIqardloY,14
_3fkGHIXEcM,13
_3fkGHIXEcM,14
QqhSvu_m9So,14
PI9ujdO8Cu0,15
PI9ujdO8Cu0,16
PI9ujdO8Cu0,12
PI9ujdO8Cu0,14
7EeLJ-XtMO4,15
7EeLJ-XtMO4,16
7EeLJ-XtMO4,14
YsyacuVB7K4,16
YsyacuVB7K4,18
YsyacuVB7K4,20
YsyacuVB7K4,14
6Lnpbd3bgAs,14
1EuOv06sSgs,15
1EuOv06sSgs,16
1EuOv06sSgs,12
1EuOv06sSgs,19
1EuOv06sSgs,14
dYUulSpnQXk,15
dYUulSpnQXk,16
dYUulSpnQXk,12
dYUulSpnQXk,14
WH3jT53hIYM,15
WH3jT53hIYM,16
WH3jT53hIYM,12
WH3jT53hIYM,19
WH3jT53hIYM,14
rC3a6hzN5lU,14
cnIKVH9m0GY,20
cnIKVH9m0GY,14
bnOGgzvXyS8,17
bnOGgzvXyS8,21
bnOGgzvXyS8,14
iycsIagZbyg,17
iycsIagZbyg,14
rR5vyzjGwmk,15
rR5vyzjGwmk,16
rR5vyzjGwmk,12
rR5vyzjGwmk,19
rR5vyzjGwmk,14
13EkBZX_njY,15
13EkBZX_njY,16
13EkBZX_njY,12
13EkBZX_njY,14
JE1ed-X_4DU,15
JE1ed-X_4DU,16
JE1ed-X_4DU,12
JE1ed-X_4DU,19
JE1ed-X_4DU,14
eiQHRekdXLM,15
eiQHRekdXLM,16
eiQHRekdXLM,12
eiQHRekdXLM,14
Drjp_c77DAE,15
Drjp_c77DAE,16
Drjp_c77DAE,12
Drjp_c77DAE,14
3EiC0SPLFjw,15
3EiC0SPLFjw,16
3EiC0SPLFjw,14
HwsjxcUNu40,15
HwsjxcUNu40,16
HwsjxcUNu40,12
HwsjxcUNu40,14
z7aTfXzRCV8,15
z7aTfXzRCV8,16
z7aTfXzRCV8,12
z7aTfXzRCV8,19
z7aTfXzRCV8,14
GJxX2hEZt3U,16
GJxX2hEZt3U,12
GJxX2hEZt3U,14
fxvSEpFoam8,22
fxvSEpFoam8,14
JdkFQ3w2dC8,22
1QRq4iqYK_Q,23
1QRq4iqYK_Q,22
MuzrpFOngmg,23
MuzrpFOngmg,22
PTe5n3oSnX8,22
gfKZRifV7YE,22
5-iG8ocg5nk,22
CTH0Zf3YiUk,23
CTH0Zf3YiUk,22
h0Jg22W5PvI,22
h0Jg22W5PvI,14
qGBeFJFMsOg,23
qGBeFJFMsOg,22
j7C9xazYmAc,22
Ai14WPlKO-s,22
Ai14WPlKO-s,14
5K5mbNF0WcY,22
5K5mbNF0WcY,14
1zL7JAoaGUA,22
pHUZdsmphNc,22
XL0fRZNmWUc,23
XL0fRZNmWUc,22
aRWf0UCgI9o,23
aRWf0UCgI9o,22
_V6W1NguggQ,22
WkIR23emsWY,23
WkIR23emsWY,22
_Zv_uePXwMA,22
16jDklkdQno,24
16jDklkdQno,22
U4Y8nK-SiIY,22
GdFIjsMfSc8,23
GdFIjsMfSc8,22
QjXxRGEWy2s,23
QjXxRGEWy2s,22
XBj7noXdzCE,22
DnjATyPuFFk,22
65ciAONXv0M,25
65ciAONXv0M,23
65ciAONXv0M,22
s17pV9q_eb4,22
c0jalBT5yWw,22
3mI6QvWh7Rk,22
Sh7dHkq9DPc,22
WJ8v-twXSkU,25
WJ8v-twXSkU,23
WJ8v-twXSkU,22
VOrFMUfs9uc,22
WDsr237ozKQ,22
y9vgzLZkHVg,22
oSxCeafK8mA,22
oSxCeafK8mA,14
MoCQygYFvJE,24
MoCQygYFvJE,22
S2drV2u3hZc,22
S2drV2u3hZc,14
uSGVk2KVokQ,22
9mISqai2KI4,22
TevJjwAQXt8,23
TevJjwAQXt8,22
EqyGpXK2fSU,22
EqyGpXK2fSU,14
sRmVEnP-EXs,22
1JGJt9aMYjo,23
1JGJt9aMYjo,22
zIHFIc-vkjE,26
zIHFIc-vkjE,22
ONDs6zaSRTc,26
ONDs6zaSRTc,22
W95EueKPS38,22
VepOepAA7_U,26
VepOepAA7_U,22
3Obk-HEYTH8,22
5fxf191c0jg,23
5fxf191c0jg,22
2RmUMmUj3u8,22
4qPiBnJR0w4,22
v7aRWcM0AFE,23
v7aRWcM0AFE,22
jZf1dd2zI2Q,22
jZf1dd2zI2Q,14
6GOqREgcias,22
mN15J_6ae74,25
mN15J_6ae74,23
mN15J_6ae74,22
-Z-FYIbch9E,22
-Z-FYIbch9E,14
5_Q_hzfUXLg,23
5_Q_hzfUXLg,22
bZZqKVGNrso,22
qnj9_cA8Z-M,27
qnj9_cA8Z-M,22
XjN5XmFSGQU,23
XjN5XmFSGQU,22
JJvs16KLocY,23
JJvs16KLocY,22
JmrnTiTDMdU,22
p6U1BWZtweI,22
bwQQZsV3Sw0,23
bwQQZsV3Sw0,22
ZxYBwe-CwQg,22
ZxYBwe-CwQg,14
E07UGeCsh8w,3
E07UGeCsh8w,22
9VK6Ep7IBA0,22
Eu4-QJ312pU,22
uAKn-csF8g4,22
x-EbjGSRyKA,22
x-EbjGSRyKA,14
4_7kxGKWDIs,22
3dQ6yKSttEc,22
mjn44Amuzf0,22
Qnauk0wEerQ,22
6-FbIsbFfNk,23
6-FbIsbFfNk,22
2DfpX2scg00,26
2DfpX2scg00,22
W_yWTI5ED48,22
GwLD8E4LkmI,22
-bEPLMgrirs,22
-bEPLMgrirs,14
yHY8qsnQCdI,22
yHY8qsnQCdI,14
w7pVHomit0s,25
w7pVHomit0s,23
w7pVHomit0s,22
bUrCR4jQQg8,22
xuaf3anGj64,22
WiQSCW1zvh4,25
WiQSCW1zvh4,23
WiQSCW1zvh4,22
sGrQ3VdKwBQ,22
ZkCZtHQi_AM,25
ZkCZtHQi_AM,23
ZkCZtHQi_AM,22
vmpDtQzmDLo,22
4fhl9F8DZDU,25
4fhl9F8DZDU,23
4fhl9F8DZDU,22
-F-gCRqh1jA,22
Xn51DSTCcO4,22
Xu7PyTQ9OLU,22
8IHhvkaVqVE,22
ZZ3uy1kDzno,25
ZZ3uy1kDzno,23
ZZ3uy1kDzno,22
W8rRq5jwANs,22
lHSwkr623KI,22
7iKjX5sxa4I,22
7iKjX5sxa4I,14
H3CrdLZBih0,22
6jzG-BMannc,25
6jzG-BMannc,23
6jzG-BMannc,22
syUoJvoT1Ik,23
syUoJvoT1Ik,22
I4Utn3N_dZo,22
I4Utn3N_dZo,14
aqA5ys1LW84,25
aqA5ys1LW84,23
aqA5ys1LW84,22
hxrLUHtQqP8,22
CHsFAEFOPhI,22
CHsFAEFOPhI,14
fY-djsNEDME,22
fY-djsNEDME,14
u64gDYp2SPI,22
a-ImUnRwjAo,22
a-ImUnRwjAo,14
OvwxLP3xKFo,23
OvwxLP3xKFo,22
L_Ewhkf8nEE,22
L_Ewhkf8nEE,14
vMJzQHr6iKw,22
jW6b4ObnYMY,22
u3N-2lIE11k,22
u3N-2lIE11k,14
UKq_blvKCPc,22
tbGDEczI-JE,22
MTHtDOcsz9k,22
TBslKrgw1yg,22
TBslKrgw1yg,14
6bQChOnyRNM,22
6bQChOnyRNM,14
JG1TdfezJzo,22
JG1TdfezJzo,14
v7nprsWLq0A,22
2u3hC7g8zxo,22
2u3hC7g8zxo,14
ELWeP-vQ5Oo,22
mPCo9kRJTgU,22
rDazo8tkCPU,22
lmCMEddwe88,23
lmCMEddwe88,22
L2J_eNgjxio,25
L2J_eNgjxio,23
L2J_eNgjxio,22
1qyrPEec21w,0
1qyrPEec21w,22
BJOuR7zo9oE,23
BJOuR7zo9oE,22
F2tXw74fyxc,23
F2tXw74fyxc,22
AGvSpJi5-Y0,22
XrL-l9ldoYk,25
XrL-l9ldoYk,22
4dyL6QeaORM,22
4dyL6QeaORM,14
VGAnoFapsTU,23
VGAnoFapsTU,22
iFmOhR0zp2Q,22
grZg-BEhKMI,22
Ew9Aj7s6pjs,22
UDNAACIWELk,25
UDNAACIWELk,23
UDNAACIWELk,22
-tOd0rrissw,22
-tOd0rrissw,14
GZ8Ewiv0QZQ,22
fZ_LVPAKaUE,22
zFXIa0E5oEg,22
eSFDjkoFH98,22
EEXI6r08908,25
EEXI6r08908,23
EEXI6r08908,22
ZyZjDG1D7Fg,23
ZyZjDG1D7Fg,22
yO0lMy8pyzw,22
yO0lMy8pyzw,14
w57U4XzaVaE,22
hpobc0V2a0Q,22
7j70XKAaeSs,22
XcPmvp7myRM,22
4zT53LJk0EE,23
4zT53LJk0EE,22
5730F600GjM,22
q91nNc6tomI,22
faReSDQAO24,25
faReSDQAO24,23
faReSDQAO24,22
JtDDJ91pTsk,22
7uSTz4VVt9k,22
ia57yaRdaMg,22
fHV81iCiKSQ,22
fHV81iCiKSQ,14
EMIyt7ktDrU,0
EMIyt7ktDrU,22
U8HRiwkyYug,26
U8HRiwkyYug,22
inrDoJb4jwc,25
inrDoJb4jwc,3
inrDoJb4jwc,23
inrDoJb4jwc,22
x01DWLn4L-E,22
x01DWLn4L-E,14
qg7IzaUeBnw,23
qg7IzaUeBnw,22
H0axuzyN_1s,22
H0axuzyN_1s,14
J_jv15xgfEc,23
J_jv15xgfEc,22
j0yKLumIbaM,24
j0yKLumIbaM,22
42HPCQ-A-6s,22
oQT10M5AdAs,22
oQT10M5AdAs,14
yxW787ZXg_Q,22
yxW787ZXg_Q,14
zc3sPoqOFG8,23
zc3sPoqOFG8,22
f94CnlQ0eq4,23
f94CnlQ0eq4,22
4ZmcJNQCUsM,22
Dy--t_98PkU,22
owT7_qWPD-U,25
owT7_qWPD-U,23
owT7_qWPD-U,22
P1YP3Wn0qwk,23
P1YP3Wn0qwk,22
84RoiS-HiiM,25
84RoiS-HiiM,23
84RoiS-HiiM,22
JZ1VNUu2jpE,22
4buGMfT-qgs,23
4buGMfT-qgs,22
2HLF-46Das4,23
2HLF-46Das4,22
QQu49zZsZ80,22
QQu49zZsZ80,14
L_utWG3251Y,23
L_utWG3251Y,22
EGNunyDTI8w,22
UNv08gFT_A4,22
6mqbD5x8va0,22
34mQvW_QKz4,22
34mQvW_QKz4,4
o1u_RFz6DZA,22
BACq9vDy3XM,25
BACq9vDy3XM,23
BACq9vDy3XM,22
erizXy1T2dY,22
9hlBeV0IIoU,22
aF8ya3IXdWw,22
ribTjnwD0Uw,22
YwInDMm8_30,25
YwInDMm8_30,23
YwInDMm8_30,22
XbD52tc2Om8,7
XbD52tc2Om8,22
XSsIDbbqzdc,23
XSsIDbbqzdc,22
9fZQZ0Ubdlw,22
ibqj6xGdi3M,22
ibqj6xGdi3M,14
V4E8716KFgw,23
V4E8716KFgw,22
CwCKWjjBDtc,23
CwCKWjjBDtc,22
56ZNw83AHkU,23
56ZNw83AHkU,22
ieu80FDVwPs,0
ieu80FDVwPs,22
nMt3na3pRyQ,22
CP8f2BE1Pko,22
Dqm3TVK3Jgw,28
Dqm3TVK3Jgw,29
Dqm3TVK3Jgw,30
JGPk1fW7dS4,28
JGPk1fW7dS4,30
JGPk1fW7dS4,4
Fef22Bm8A9w,30
xdLXlB7HDO8,30
23LpptRvqGQ,28
23LpptRvqGQ,30
mTSBDoY9hfY,28
mTSBDoY9hfY,29
mTSBDoY9hfY,30
WDBIz0jfdnk,31
WDBIz0jfdnk,30
q-PAU9uWWCk,5
q-PAU9uWWCk,30
hY3bvqxoWBM,5
hY3bvqxoWBM,30
z-SmT2cpxxk,30
n_V5DvMgSlg,32
n_V5DvMgSlg,30
T11lcZfve5w,29
T11lcZfve5w,30
9Ii6dFW3UX0,29
9Ii6dFW3UX0,30
oPy5euoa-uU,30
SOi-qDRfQqE,29
SOi-qDRfQqE,30
PEMeeAJ5OQw,5
PEMeeAJ5OQw,30
6KL32XutHwE,30
nWlsF47PmKM,33
nWlsF47PmKM,30
zerSE7Ya80Q,29
zerSE7Ya80Q,30
rTZIkTHUjiU,5
rTZIkTHUjiU,30
pPHIj5ILaCQ,30
33LYgHSp6T4,29
33LYgHSp6T4,30
GHJKrYyww2E,29
GHJKrYyww2E,30
uN5leKZuxwA,33
uN5leKZuxwA,30
khQg4o99boI,28
khQg4o99boI,30
khQg4o99boI,4
xgJybkGvlTk,28
xgJybkGvlTk,29
xgJybkGvlTk,30
9F5zT10yWkw,5
9F5zT10yWkw,30
J_sPKIwAh_k,28
J_sPKIwAh_k,30
euPMgs1gQZQ,28
euPMgs1gQZQ,29
euPMgs1gQZQ,30
a4570TxfI8o,28
a4570TxfI8o,29
a4570TxfI8o,30
06uNW12b9kE,5
06uNW12b9kE,30
ZnFekEK74mg,28
ZnFekEK74mg,30
1oMnrxn4_KM,32
1oMnrxn4_KM,30
i9KgzLytPPE,30
3awZjzAYZVQ,28
3awZjzAYZVQ,29
3awZjzAYZVQ,30
4yuk0jRl79M,28
4yuk0jRl79M,30
ebO63crUB18,28
ebO63crUB18,30
_HdYbpAEAQI,28
_HdYbpAEAQI,30
E_fpUZsD4hU,30
7o3owQHqIX0,30
dRAnxZQ0ySQ,34
dRAnxZQ0ySQ,30
z7Bsb1ZlTk0,28
z7Bsb1ZlTk0,1
z7Bsb1ZlTk0,30
2j_7EZsiK08,5
2j_7EZsiK08,30
Oaq6Dq2Gg3E,5
Oaq6Dq2Gg3E,30
lNZ3AFM7FW8,30
h13fRu8RA4g,5
h13fRu8RA4g,30
6UM-spG_Pog,5
6UM-spG_Pog,30
7UxKKR6OjG8,29
7UxKKR6OjG8,30
ywQ-JC480O8,5
ywQ-JC480O8,30
74fHRIAPGDA,30
x4aFly_Uduk,33
x4aFly_Uduk,34
x4aFly_Uduk,30
mmjbmhhZhpA,30
PKqc1rsdIsg,9
PKqc1rsdIsg,30
8fFikgJSIEk,35
8fFikgJSIEk,30
jZT8UjGxRTo,28
jZT8UjGxRTo,30
-bapuRjlDFI,28
-bapuRjlDFI,30
VMhi3VLFIy0,28
VMhi3VLFIy0,29
VMhi3VLFIy0,30
c37T0V9rpFY,5
c37T0V9rpFY,30
c37T0V9rpFY,20
3B_9PrP04Vo,32
3B_9PrP04Vo,30
LB4QkmTaqkw,28
LB4QkmTaqkw,30
rgG9ydZARrk,30
hLuI7AQoA74,36
hLuI7AQoA74,18
hLuI7AQoA74,30
fCifWm7er0w,30
stAHAlAxSyc,5
stAHAlAxSyc,30
XiK5naBCSck,28
XiK5naBCSck,30
4uT5frZwAGg,5
4uT5frZwAGg,30
gcjMBFENTMw,29
gcjMBFENTMw,30
PhTvKP1OQDk,29
PhTvKP1OQDk,30
fxuYOrH6T20,5
fxuYOrH6T20,30
epBB-2kHMxA,29
epBB-2kHMxA,30
8X-5I0CIBuE,34
8X-5I0CIBuE,30
c1hUSWeaeTs,5
c1hUSWeaeTs,30
DBRpd09yLuM,29
DBRpd09yLuM,30
hK8dELgg4ck,32
hK8dELgg4ck,30
IYAlJ0QiklI,29
IYAlJ0QiklI,30
ylNtPbGWKoI,29
ylNtPbGWKoI,30
UZ2vVECKPQA,32
UZ2vVECKPQA,30
e_UIAf9S1lc,33
e_UIAf9S1lc,34
e_UIAf9S1lc,30
A1iFBWYn3J4,9
A1iFBWYn3J4,30
da1uf4ZLoEM,33
da1uf4ZLoEM,34
da1uf4ZLoEM,30
g5sKZjhuZSc,30
1xPIsGio_cE,30
st2jUZXU0lM,28
st2jUZXU0lM,30
T2pWhsNp9a0,30
-qmCY1_EGzU,9
-qmCY1_EGzU,30
RYlAJYiaAMo,30
ADa-cArhWFs,30
5vLv22kW04U,28
5vLv22kW04U,29
5vLv22kW04U,30
CLylj22EgS8,5
CLylj22EgS8,30
JW7mio-GRFo,30
JW7mio-GRFo,37
C3wPtKNbAOA,29
C3wPtKNbAOA,30
C3tDEXcerSQ,5
C3tDEXcerSQ,30
KtY27Bmf0Ls,32
KtY27Bmf0Ls,30
xL4wjWV3M7I,30
WA_Dx_q7h6s,5
WA_Dx_q7h6s,30
9IBO9uTZE4I,30
9IBO9uTZE4I,38
1ZvayXSZe-o,29
1ZvayXSZe-o,30
Op7pXurmNk0,34
Op7pXurmNk0,30
wIwNmI3yMUA,30
Aey9iYruhc4,28
Aey9iYruhc4,39
Aey9iYruhc4,30
ACUaQz51acc,28
ACUaQz51acc,30
Cd9hsgtdfSc,33
Cd9hsgtdfSc,30
dFN_zMIPiV8,5
dFN_zMIPiV8,30
NM-t0YghrsM,30
NM-t0YghrsM,37
Zd0gjxDCg1c,29
Zd0gjxDCg1c,30
B8mpLaZsiTg,34
B8mpLaZsiTg,30
T9RlfHYPd2Q,29
T9RlfHYPd2Q,30
Rndh8zBKekE,29
Rndh8zBKekE,30
4trU9W_JFbE,30
AQWBMOTwnjw,30
R3HGX4S-AAY,29
R3HGX4S-AAY,30
r7zvahsXeHo,10
r7zvahsXeHo,11
r7zvahsXeHo,30
SKZgf7g1OQ0,28
SKZgf7g1OQ0,30
EnkBlK0PG7E,28
EnkBlK0PG7E,30
Dx3dkMJKS4M,28
Dx3dkMJKS4M,5
Dx3dkMJKS4M,30
emoCWsd4ygY,5
emoCWsd4ygY,30
YuGv-MhfPeA,5
YuGv-MhfPeA,30
xCUfJPsGjGg,28
xCUfJPsGjGg,29
xCUfJPsGjGg,30
7AQIbGjm2tg,32
7AQIbGjm2tg,30
7AQIbGjm2tg,20
Epln_pwbWu4,33
Epln_pwbWu4,34
Epln_pwbWu4,30
fKw6HS0ljoM,29
fKw6HS0ljoM,30
vQRwX7iTr5M,5
vQRwX7iTr5M,30
QJt4gNvd33E,28
QJt4gNvd33E,30
yMxI-hCTXQk,30
ZzCwthkl1MI,33
ZzCwthkl1MI,30
ntjQizc9Acc,5
ntjQizc9Acc,30
pBtVi6mmoEA,29
pBtVi6mmoEA,30
THWc9PEPrnA,29
THWc9PEPrnA,30
tW7PLJkfOo0,33
tW7PLJkfOo0,34
tW7PLJkfOo0,30
mYQOMAJ0cGk,29
mYQOMAJ0cGk,30
XK_M_GFxWTo,33
XK_M_GFxWTo,11
XK_M_GFxWTo,9
XK_M_GFxWTo,30
ijBzHO9umeo,5
ijBzHO9umeo,30
_74sfuvO8t0,5
_74sfuvO8t0,30
xvGCKEIhoSQ,30
hwdqUzFD7tc,32
hwdqUzFD7tc,30
9Wg4YLtzlAs,28
9Wg4YLtzlAs,29
9Wg4YLtzlAs,32
9Wg4YLtzlAs,30
9Wg4YLtzlAs,4
Eu9gP2uAeTQ,5
Eu9gP2uAeTQ,30
waKmXbxOlpk,9
waKmXbxOlpk,30
UqUVNylLgmo,10
UqUVNylLgmo,30
aWo-ur71zvo,28
aWo-ur71zvo,6
aWo-ur71zvo,30
nWWA12w3IgU,29
nWWA12w3IgU,30
hNUehsz4riA,28
hNUehsz4riA,30
MiUOhPNXOXY,5
MiUOhPNXOXY,30
4zvIhtVkLxM,30
DCF7Q891VEw,29
DCF7Q891VEw,30
id3npsiQBis,30
4qDO7sws-ec,5
4qDO7sws-ec,30
QYil8MJ7-yY,28
QYil8MJ7-yY,30
BQ_XxDAQVDA,30
sORCHhudmhA,5
sORCHhudmhA,30
7HBAplLXy_o,29
7HBAplLXy_o,30
dpP2re-Fg4o,35
dpP2re-Fg4o,30
zbEiLUMZzN0,28
zbEiLUMZzN0,32
zbEiLUMZzN0,30
srUQReqex8g,35
srUQReqex8g,30
inLLM32Sxa0,5
inLLM32Sxa0,11
inLLM32Sxa0,30
pqKaEm108lc,30
7_bIoo3I5q4,5
7_bIoo3I5q4,30
TVoLyAwYxfs,30
Ny4RQSx1x1A,29
Ny4RQSx1x1A,30
Ny4RQSx1x1A,20
7TtauON_pDI,28
7TtauON_pDI,29
7TtauON_pDI,30
1tDP3NxQKKQ,29
1tDP3NxQKKQ,30
nemGLpkGorI,29
nemGLpkGorI,30
0wy2jHIFKEY,5
0wy2jHIFKEY,30
nsJ_2pRG4Dw,35
nsJ_2pRG4Dw,30
X-Fd7NGmJzI,33
X-Fd7NGmJzI,30
rnowO7eG54E,30
Kb0x5C6KGz0,30
BzusqtxvO-g,34
BzusqtxvO-g,30
bU8Ll7xuPAA,28
bU8Ll7xuPAA,29
bU8Ll7xuPAA,30
LhC-h20L4CE,5
LhC-h20L4CE,3
LhC-h20L4CE,30
6KfKcCzXcsU,28
6KfKcCzXcsU,30
TywhZI7XNM0,29
TywhZI7XNM0,30
-flNGCqc1o8,29
-flNGCqc1o8,30
CZlnQXpilPs,32
CZlnQXpilPs,30
Urcpb-r5P6s,29
Urcpb-r5P6s,30
JyuhwwaOOJo,33
JyuhwwaOOJo,30
POcubbhrSxA,30
07mRKADZTOk,29
07mRKADZTOk,30
YLSezk-tIx8,29
YLSezk-tIx8,30
VRk5ZBlvMz8,29
VRk5ZBlvMz8,30
qRVRKdlz4yU,5
qRVRKdlz4yU,30
CmudYZi9Vdk,30
t8nFl0Z4pB0,29
t8nFl0Z4pB0,30
TX6tbkGi6yw,5
TX6tbkGi6yw,1
TX6tbkGi6yw,30
ARZWauHjcqY,29
ARZWauHjcqY,30
vTobZczCqU4,32
vTobZczCqU4,30
_aOoXWdS7O8,34
_aOoXWdS7O8,30
ODqyW05Ao0A,28
ODqyW05Ao0A,30
-iUD8BSdVY8,29
-iUD8BSdVY8,30
ZFwoQQrnkBE,30
h-DIu7WFmQs,29
h-DIu7WFmQs,3
h-DIu7WFmQs,30
4zMArxOZDMs,35
4zMArxOZDMs,30
G3uciJewsV0,33
G3uciJewsV0,34
G3uciJewsV0,30
TH_AZLfL2x8,29
TH_AZLfL2x8,30
_uN3BKaGKZ4,33
_uN3BKaGKZ4,31
_uN3BKaGKZ4,30
qkaEQeFXRA4,30
qkaEQeFXRA4,20
rOrgA-_hk9k,30
ZGCxQPp3SAs,30
r7COBicd7DQ,28
r7COBicd7DQ,30
r7COBicd7DQ,4
ZqYiZQNdJYo,28
ZqYiZQNdJYo,30
