videoId,title,Indice
ubbCaKyloSw,Kai Cenat JOHN CENA TRIES CHICKEN BIG MAC! 🤔😂,0
Bn1i70BNrec,"""Names And Addresses Of The Three Men That Shot Up Chalky White's Warehouse."" - Boardwalk Empire",1
8bkXUkZW370,Ozzy Osbourne's Bat-Biting Incident 🤢,2
_iPnlcpNa_Q,The Joker outplayed them all…😨,3
xqIt4T1C2gY,Theo Von’s Hilarious Jelly Roll Impression😂,4
ByWt4MkeZwA,What happens when you mock a gangster #movie #series #shorts,5
txesXaVNCh0,Dr.House has given this wife plenty of chances #movie #shorts #video,6
4ApQxMJbBMc,Coach Boone tries to unite the team in his own way #movie #shorts #viralvideo,7
AafBunu-k2U,Family Feud Election 2024 Cold Open - SNL,8
QptdRsyFvFU,birbs gotta fly #checkin #toon,9
Uffxq_l1jHw,this was one of my worst ideas ever,10
Kfu4ev_DYu4,"“Chris, Spread That Seed”🫣 | #petergriffin #funny",11
f57IAMKZJnE,MSSP Shane Gillis Tells Matt McCusker About Pakistani School 😂😭💀,12
z6H0N3ylfDk,The irresponsible doctor didn't want to treat the patient...😨 #medical #md,13
iimBE-r0piI,Bruce wayne: I bought the bank #shorts #justiceleague #batman #movie,14
WgTTohVI634,Mother and son are both competitive #movie #video #shorts,15
4_YJiiWMZR4,#family #kids #young #highschool #girl,16
DLa1oHpr5g4,So Embarrassed || Guardians Of The Galaxy Vol. 2 #guardiansofthegalaxy,17
8I-sm3kdzes,He decided to use his real g*n instead of a taser #series👮‍♂️🔫  #movie #therookie,18
DN9-M4epAoA,Why did Scott Lang bring an orange slice for Clint in Endgame???,19
52Z245i0fsg,Did you know that in Die Hard 3... #shorts,20
i-pdbprgSBM,Fanum Taxes John Cena😂,21
bLbFCCWeF7I,House was proved right.#tv #viralvideo #shorts #movie #show,22
8rvEeOcOD7E,Fantastic New KillTony Minute🔥😂 @peytonruddy  #killtony #comedy #tonyhinchcliffe #chrisdistefano,23
Yzoc8KLvER0,Sophie has always played her part in key moments👏🤣#shorts #viralvideo,24
xtiQ5ehn_ac,Me vs My Dog ​⁠@TheJessiiShow #TheManniiShow.com/series iB​⁠@JesseTheologus,25
XRl_LYCFR20,This Prank Will Get You Arrested In Other Countries,26
_t6G2nKasvM,Doctors breaks into operating room to stop surgery #movie #grey #shorts #love,27
BEiyRIPzZRM,No Mortal Weapon Shall Slay Me - World Heritage Post,28
hxgGllDxfBs,The Ultimate Hoodie,29
N6sAmhU546s,This man asked his neighbor to move his car.#tv #shorts #viralvideo #movie,30
14GF4rfH_MQ,They made a child unable to eat ice cream. #shorts #funny #modernfamily,31
Qv2SpJi8FH8,You're in trouble now sheriff #tvseries #yellowstone,32
AeegYUWJXTQ,Woman just threw out a bottle of water didn't realize ....😮😮#shorts,33
RkdQ4VuAsc8,I EXPLODED when I was a baby. #shorts,34
XDzQYXhv0pM,POV:You Bought A Tesla Robot🤖😂,35
kZLYH8V_Rik,When Kevin Nash was Stabbed on Set of The Punisher,36
n5q_It9qoao,They still have humanity 😮 | I Am Legend | #movie,37
cyztLteyung,Do NOT Touch Booker T's Red Bulls! 😡😤,38
hGG4nn0mP3A,“I know what I’m doing.” Famous last words! | #TheRookie,39
4E0F4a9dL4k,Dean Plays Billiard 😂 | Supernatural #Shorts,40
xMpVp8od9ZI,Shane Gillis TROLLS on Kill Tony 😂,41
p6wSIsVMzc8,Dexter's Biggest Mistake | Dexter S4.E7 | #shorts,42
1pdlvyhmXcU,You must be very unlucky for this to happen to you again.,43
NN1lPb7vPlE,"Kid,we need to wait for a chance to win with one shot #movie #shorts #video",44
QqIfjcF8U-I,A janitorial worker converted to a police officer?#shortvideo #tvshow #story #mom,45
qGjOGkMAHuo,They Were Cursed… #shorts #viral,46
fefuSX29HAQ,Worst Improv Scene Intro Ever,47
4zB01L68DL0,“I’m a compulsive liar” 🤣 #dragrace,48
es2efahg72I,Driver STOPPED For Going 2 MPH OVER 🤯,49
P9LEhY2ZTYw,RED LIGHT 😜 (Animation Meme) #shorts,50
K6pn78fiV3Q,"The Chef & His Hostess Girlfriend, Part 3",51
GvU4KR-LShg,ME GUSTA LA GASEOSA #comedia,52
Kh96iQNe8ec,I think everyone probably misheard it as Chappell Roan #americanhighshorts #prom #chapellroan,53
BnKsDFeUfAw,Man transforms into a real Flamingo 🦩 in AGT (America's got talent) 😱😂| Duo Schumacher#AGT#magic,54
TGrPL5y1rpA,Relatives of the Simpsons #simpsons #shorts,55
lMAJamB1Vvo,Steve saves the family 💪,56
tVYG4EBLeSQ,"Maggie learned to speak, but Bart didn't like it🫣 #shrots",57
B9-WN_oATf8,Two worried fathers. #blueblood #viralvideo #shorts #foryou,58
rZu-H2YE984,Old Prison #simpsons,59
ibyz8atGGZw,"“Are You Serious”?!?😂😂😂| Kill Tony, ft. Bruno Oliveira",60
qRB17Voi9Fw,John Cena Gets Fanum Taxed Ft. Kai Cenat! 😭💀,61
87mFqp0IOg8,Rich Mom Lectures Spoiled Sons 😬💰 #series #shorts #billions,62
1NeUFkgRkrg,How did a ghostly father and son reunite thousands of miles apart?#tv #shortvideo #ghost #story,63
INFoU0Rh6i4,She can’t move!😱👩‍✈️,64
XOTT4Sp-OD8,The Big Bang Theory | Sheldon: Perhaps We Can Enjoy One Last Meal Together #shorts #thebigbangtheory,65
OLx4KWga28g,Earl’s got a way with dogs #tv #shorts #viralvideo,66
gtZ2nOv8a_0,None can escape the power of this soda😂#shorts,67
CYUVQE5lbdc,How Matthew McConaughey's Nephew proved he Is Mexican,68
q8-zI8R7wIU,Alright lil fella #shorts,69
CyybK71-pzM,What Rick & Morty would do at a con #lacc,70
ADoAVPqvJDY,I Got SCAMMED!!!,71
ZZxypeyhkXw,DRILL INSTRUCTOR Vs. RECRUIT. | DRILL on veterantv.com,72
mJZJU-DuVtk,The quiet kid lowkey be the smartest one in class 😂 | DankScole ib: DylanZitkus,73
JpS_ddJSMWk,Patch comes to the asylum for the first time and is curious about the old man #movie #shorts #video,74
WqlZ4LvHlKU,Homer drives autopilot car!🤣🚗  #shorts #simpsons,75
uQ2gaQNcEVA,"""Did you just call me blob""😡🤣 | X-Men Origins: Wolverine (2009) | #marvel #xmen",76
DDZzIAgCAYs,FBI agents actually have their homes bugged? #whitecollar #shorts #viralvideo #fyp,77
SXHHb0TCZNM,I’m here for the kid,78
0qSWLb69ldM,Best Buy Employee Accused Us Of Stealing! #funny #funnyprank #viral #shortsviral,79
TU364uMVZMY,DIY VIDEO COMING THIS WEEK!,80
Fx8QRO3QbKA,When a woman is angry all she needs is a bag to cure all diseases.#everybodyhateschris #shorts #tv,81
Ois0R5oxHIE,Barry use “god’s speed force “ to deal with hypothemia #shorts #video #shortvideo,82
EQbs7JoAhiE,💢🤣💢I’m 💀dis🥷🏿took a💩in da shower in jail💢🤣💢#like #comment #share 🏪🦍🥇🌴🤣,83
dU08cgZhNr8,【1/2】They Actually Attacked The Police...#shorts #movie,84
bsK-dWQl24I,When happens if Omar owes Drew money and doesn’t pay#funny #foryou #video #movie #shorts #viralvideo,85
hi0o3f128C8,Compromising for the kids #dogs #dogcomedy #dating,86
vUJokXcfnNg,Little girls defended their home!,87
yWFJKv5Zdh4,Georgie chose a family ❤️🥹 || Young Sheldon #shorts #youngsheldon,88
An9wGXvdwKE,Asi la estafo jajaja😄 #humor #reels #Videos,89
T3DpRZSVG8Y,Fry found out Nibbler can talk 😂,90
MLxdBdlMo-0,A bad experience where the rain stops only at the end of the journey. #movie #shorts #viral,91
gKBZzzuaaj0,She insisted on raising her hand to answer questions.#movie #shortvideo #film,92
XDJKD59RE18,Max Black and Becky White.#shorts #viralvideo #shortsvideo,93
u_SgvtFIRk8,TikTok Math in the Future. (Kai Cenat Math),94
jPFuQitrqI8,Kai Cenat Gets Mad After John Cena Sits In Nicki Minaj Chair 😂,95
g-bguUoqAF8,His coworkers saved him from being fired and saved the world 😳,96
bLxpbBijpOA,The mother scolded her son for stealing alcohol.#shortvideo #tv #family #comedy,97
tlJbsHoXHVc,Utah moms in October,98
frwE7e9i_8Y,That one kid that switches Personalities 😂.,99
GlrHlpIwl2I,It’s Not Halloween! ​⁠@albert_cancook,100
o2jfEfZ9ils,D&D Animated: When You Hear Your Own Voice 😬 #dnd #ttrpg #dnd5e,101
05i1-cTRxvc,Respect the soldiers,102
hUnb-mcIq6k,ToRung comedy: 😂magic box📦,103
9zYAavr3MR8,David Spade on Christopher Walken,104
exwR5cbtdYs,Executioners from Shaolin #movie,105
JxcWL0Wi028,I’ve the plan to make him jealous?#viralvideo #shorts #movie,106
30ReVt-nhpQ,THE HORROR BEHIND HUMPTY DUMPTY?,107
VuntOxD3ln0,Mom When You Actually Finish Your Chores💀🤣 sound:‎@simonbreaofficial #comedy #funny #satisfying,108
6lBblsiC8m4,The cop pulled over a driverless car... #movie #fyp,109
DIcc-4qLq3E,Wolverine and Deadpool's first teamwork,110
FsQVPgr8mi0,Case of the Missing Skates Part 1 #animation #animator #characterart #2Danimation #digitalart #art,111
fp0iIncsLfc,Bulma Has A Sister?,112
1GLXueTJ2cY,When you procrastinate the main quest for too long #animation #dnd #shorts,113
nGJqNVlS9fY,Chappelle Show's Savage Roast of Diddy 😂🐬,114
8N_F-4XiXIo,Karma is BLACK 😭,115
yTlT_AcF050,"YOU LAUGH, YOU LOSE 🤣 #784",116
pCFcQbkI7m4,Do you know why fast running superheroes can't use weapons?#movie #marvel,117
CJotQooyNaE,The clan’s first ever meeting 🤣 #movie #series,118
JjAdETMV2fc,From parking prank to poor eyesight #simpsons #shorts,119
LGqPxck0BWM,"Ooh, cartoons 😂 The Simpsons #simpsons",120
efJ1A-F2cco,KUMIKO wants a baby,121
EftZl7uN6-Y,Bill Hader Great Henry Winkler Story #shorts @rich,122
krBeIaZp0Ao,Alan's first day back...,123
DGa7JDq9NqM,Team Iron Man or Team Cap? Who Was Right! #shorts,124
tuURwXXVx_M,The academic crisis caused by the necklace. #movie #shorts #viral,125
g0JRJKLKKpQ,Rachel’s rumors #funny #happy #shorts #movie,126
x_uyel7v6MQ,"When you get set up with ""Otis"" #sanaalathan #charlesmalikwhitfield #date #lateline #megynprice",127
mHJiMzYBrr4,DRAGON BALL fans vs ONE PIECE fans #shorts,128
lKXc5O85uP8,Ralph broke the child's psyche 😂 #movie #cartoon #shorts,129
MqNc6G8VxG0,Georgie trying to impress Audrey but….,130
OJBL7HnrAJ8,(Fly Me to the Moon) 2024 ‧ Comedy/Romance ‧ #mustwatch #ytchannel #ytsubscribers #ytshort #fyp,131
2ehM6J3INRw,“My Bad Dawg”😂🤣😂| David Lucas Roasts Navy Seal’s Girlfriend,132
A4FGi4ZYwic,Lucifer vs Mr. Sniper || Best Action Scene || Lucifer || #shorts #lucifer #viralshorts,133
LWdqpgqk5-k,Real French vs Fake French at the Jacques Ze Whipper Show,134
4bZn840EKlM,Please Stop Winning || How I Met Your Mother #himym,135
q78v-CsfoEk,This is a very common scene of doctor- patient conflict isn’t it #movie#shorts #viralvideo,136
hslRsaBNn1o,Consoles Halloween shopping PT1 #funny #comedy #gamer #relatable #humor #halloween,137
nChVD5SsE94,ISHOWSLOW😂😂 #ishowspeed,138
qQAEtgC9FxU,We Got Him!💀😂🐣#prank #funny #trizzy #notenoughnelsons #couple #blendedfamily #dance #jokes #lol,139
SQsKScECg0g,⚠️Never Eat A kids Ice Cream😰🤣 #funny #shorts,140
bL-QfQ-SFg8,What Am I Doing!? 💀😭 #shorts #funny #comedy #relatable #music #memes,141
vzQ6ADxCpFE,You're All Fired I Yellowstone,142
Q0YTZtJ6Ldo,Every word a nurse should be from the patient’s perspective.#greysanatomy #shorts #viralvideo #fyp,143
U9Lsc2py7Oc,Are any of these names actually good?🎃💀#shorts #skit #funny #comedy #babynames #skits #funnyskits,144
iNq-rzxiGAg,Bro isn't listening 😂,145
BHH4kJ3pG2E,Mom confront him pt2,146
3jqRh7ah8Kk,Not the best of days. #shorts,147
gsp0OB1I890,Movie Secrets:  Prop Drinks #shorts,148
1scR3d7gGvM,Maybe Don't Arrest Your New Boss.,149
0MyuFUx3Cm8,Birthday Surprise: Million Dollars Gift 🎉💸 #shorts #memes,150
VMQz9kcjz8Q,One Eyed Monster 😂💀😂 | Talk Tuah w/ Jojo Siwa,151
XzVCmnZcsKo,"Who will paint IshowSpeed's Prime? 🎨🤔 (Ronaldo, Luffy, Mr.beast)",152
M2angQX_0fg,Stewie Had The Fiercest Debate #familyguy #funny #shorts,153
3KwDJv9V9bQ,Headless Horseman gets revenge on dad #shorts,154
QkduhvX54hU,Mr.Beast Running With Bigger And Bigger Lunchlys,155
tA-Fk6ZGzwI,The White Guy Who Changes Around His Black Friends,156
dq4a2tLAoR8,Captain America biggest blunder in the MCU.. #captainamerica #thor #avengers #ironman #marvel #mcu,157
g5cFqXQzmos,PJ made a lot of money with Charlie's cuteness.     #shorts  #viral,158
7u_NQh85xxc,"""Thousands of kids made cards for Jimmy Carter's 100th birthday"" 😱🤣 COLIN JOST #shorts",159
Vyjsbt7gu_o,Cat dreams of falling #cat #cutecat #cute,160
LWjtzucQMOw,Larry’s cashew comment makes parfect sense #movie#shorts #shortsviral,161
SIl3YctNJVI,They were forbidden to shoot😔🫡 #army #soldier,162
bZmY5NlmDE0,Sophie delivered the baby successfully.#shorts #viralvideo #shortsvideo,163
RQ3JgeBW1Rg,Cuando estamos enojados #viral #reels,164
2j--yu_BItM,You can’t buy prepared food!,165
DmHmEknr0fI,The White Power Ranger Says His Name Out Loud For the 1st Time,166
dnPW37kfU8A,Tony Laughs At Bobby's Fit | The Sopranos S3.E11 | #Shorts,167
XMj1WZxvhdo,Rainbow friends made Poppy from Dandy’s world for Dandy! #roblox  #dandysworld  #rainbowfriends,168
xsY7hI_GF68,Coraline meets Other OTHER Mother,169
2wu6MVwAd4o,¡La Increíble Técnica del Ninja! ¡Nadie Puede Resistirla! 🥋💥 #shorts,170
SegQAaIx-Yk,#standupcomedy #comedy #jokes #crowdwork,171
0Lfwjvu-x6I,Do you wanna see a magic trick? #shorts,172
-L9TOxCAToM,The Straw Hat Trios #shorts,173
DbzwB-0otZw,Talk abt out of context 💀 ​⁠@Amphibilaterz #tadc #meme #memefunny #fyp #viralshort #viral,174
XbLi9bE9q6o,How dare this singer provoke the police?#therookie #viralvideo #shorts #fyp #bountykiller,175
qMxRJaRZS8o,"When threatened, horned lizards shoot blood from their eyes as a defense mechanism",176
WFITOJFvUXs,"Trevor Noah on Trump’s Feud with Jimmy, Mets Game with Jerry Seinfeld & Missing The Daily Show",177
vI4zUtkb61I,Is Wendy’s Krabby Patty ACTUALLY a Krabby Patty?,178
DGLoTSZ-egY,The queen wants to use someone else's invention.#movie #shorts,179
GoE32OcHwnc,Best Movie Scene...#shorts #shortsfeed,180
n2S69_ithEw,Did you know for THE FIFTH ELEMENT…,181
9z6TG3rpH2c,Mike Ross shows off his insane Memorization (Suits Season 1) #shorts,182
AENjseCbenc,"Everyone has a weakness, no matter how strong they are.#movie #shorts",183
20ChpMCQrv4,"The Simpsons have turned into zombies. Season 21, Episode 4. #shorts #funny #simpsons",184
4WfuedVjh9k,#nature #animals #documentary #savan,185
E1NiHXmDrlA,She’s in love with the coco 😂,186
HgHXtmMa0TM,She mocked (misidentified)disabled #viralvideo #shortvideo #tv,187
btug9pWqehs,He figured them out😋#mentalist,188
_XjvX9Qs33s,"Rip: Teeter  has a sharp tongue, but I like him.#Yellowstone#shorts#viral# netflix#dramas",189
WC1WIqQtAQI,Finding out my Blind Date is actually a MAN 🤯😅💔,190
WOBWLpxmMiQ,Ross chose to wear make-up for the sake of the date #movie #shorts #video #friends,191
7ZZ58GYsM8o,The Ridiculous 'Stranger Things' Ripoff,192
AZ_M5S95vuQ,Bro just got his dad back in every single way💀 #comedy credit:​⁠@BwaJack #viral,193
Mx4C67KtNWk,A father punished a defiant neighbor...😲🙄 #movie #series,194
6mR3eLldAqY,Naloong - A revolta das formigas,195
inY-5nkBPow,Can my best friends do the walk???,196
6O9ViEXQp5E,Fiona offers free pieces of Pi to her customers in her laundromat. #short #shortvideo #subscribe,197
FC2XJpmVtfo,"😂You cops,come and help me #movie #shorts #video",198
unyrQI1Uguk,Whis unveiled the 7th Super Dragon Ball,199
fWpX44QDWDU,Making Money Moves (TCG Card Shop Simulator),200
PGPGG3guotc,SIDEMEN AMONG US BUT A MYSTERY WHEEL DECIDES WHO THE IMPOSTER KILLS,201
ZBnl8R0ip0g,SERIAL KILLER SIMULATOR | Life Eater - Part 1,202
WS0vTRl_2PQ,Subnautica 2 - Teaser Trailer,203
uL48UvhI49o,I RAIDED ROBLOX AGAIN.,204
bRQEB0CImwk,สล็อตนกแก้ว ทุน25k บวก370k ตัวคูณเข้าเรื่อยๆเอาเรื่อง!! | Wings of Iguazu สล็อต สล็อตเว็บตรง สล็อตpg,205
9mjzVY1wKOc,GTA 5 Online Funny Moments - Zombie Mode DLC + Pizza Delivery Battle Royale!,206
Z-ZD-JRs_VQ,I Survived BAD PARENTING in Minecraft!,207
lbbv3sNsnWU,"Skyrim but if I repeat ANY sentence, the video ends",208
_VwVGwNA3Xs,10 FREE DEAD BOXES?! #deadgame,209
NHbQ8HvsXPc,JEV PLAYS A QUIET PLACE THE ROAD AHEAD,210
cRpvpsrqkx4,Three Slot Wins In A Row And I’ll Have To Go Pro,211
cKgwYhRSry4,Sprunki but it's DANDY'S WORLD!,212
_N0h9aJrBDc,DRAGON BALL: Sparking! ZERO – Season Pass DLC 2 Teaser Trailer,213
7xGWwXMnC3s,Super Hero's Cars vs 100 Containers #2 😱 BeamNG.Drive | The Real Granny,214
xrOiYHC0SaY,Having a PET FAMILY in Minecraft!,215
Eyo4NisUQOk,Beerus VS Everyone In Dragon Ball Sparking Zero Ranked,216
xkoKIveoMeY,I Bought BANNED Minecraft Products!,217
PrJyodeMf18,NEVER TOUCHING THIS GAME AGAIN | Until Dawn Remastered - Part 4 [ENDING],218
FHGZF75lTQg,The Sims 4 Life & Death: Official Gameplay Trailer,219
YiruFANZ1TM,BIRTH To DEATH of a WORM in Minecraft!,220
wc2ZAbZSYas,LIFE & DEATH GAMEPLAY TRAILER REACTION!,221
KzoI206eYuw,This Sparking Zero Team Is Scary,222
swbY3JjnEgM,#ad INSANE LEVELS ALL DAYYYY,223
AbS04UIrxmg,I Challenged LazarBeam To The Ultimate Gaming Challenge,224
2fpV69UZ-Cg,Smashing My ALL-TIME Biggest Jackpot EVER At Rivers!,225
BI2CYoM-upA,"A Horror Game Set in the Future - ""Hail To The Rainbow""",226
ShPfE-7k4nE,THIS GAME WAS HARDER THAN I REMEMBERED!,227
GJgHERWE_eg,Nintendo 64™ – October 2024 Game Update – Nintendo Switch Online + Expansion Pack,228
nTSOS90ZCoo,Subnautica 2 - Official Announcement Trailer | Xbox Partner Preview 2024,229
3SSGWTFYkm0,XBOX COPPERS vs PLAYSTATION COPPERS,230
BTop1Al9trc,Worlds 2024 - WBG vs LNG - Knockout Stage - Quarterfinals Match 1,231
sDYyEgecqF0,SHIN SONIC vs. SHIN TAILS... (Cartoon Animation),232
xCzN6WNBeao,WORLDS QUARTERFINALS LPL SHOWDOWN - LNG VS WEIBO WORLDS 2024 - CAEDREL,233
1D-VttGNr4g,Jynxzi Vs Snapiyy (THE REMATCH),234
byhoiHfNlyc,Using GLITCHES to DESTROY TOXIC STREAMER in Roblox Rivals…,235
jvlDYOKfkBI,OFFENSIVE MEMES FOR 38 MINUTES… Rainbow Six Siege,236
6oCiuKxgrzc,Shin Sonic vs Most Secure Minecraft Base!,237
9uytt9NgZi8,I MET A MAN WHILE CAMPING AND HE TURNED INTO MY OBSESSED STALKER | Free Random Games,238
Rw5zdgF5g0Q,"Asmongold Cancelled, Yung Filly Arrest & More! (TNN)",239
pXHLTMSZ8o8,A Quiet Place The Road Ahead Is So Intense...,240
15AtGyQREmI,I Built an ILLEGAL BASE In Minecraft!,241
r69wXiZ-sw0,The Pokemon Leaks Are Very Filthy and Illegal...,242
7qs4RS_HuAE,I Recreated TOP PLAYS From NFL Week 6 in Madden 25!,243
tOEgQ0cxNhQ,Our Best Game EVER! Wheel of CUT! Ep. #18,244
g8a_VAu50Kg,We're not listening to Dan | Poppy's Playtime Chapter 3 [4],245
A8_hIqY0tcs,I Takeover Ole Miss… in CFB 25!,246
uu8TGTTWhEc,"LIBERTY FALLS ZOMBIES ""REDESIGN"" SITUATION IS CRAZY...",247
qzq1mVGF8Ss,"New Leviathans & New World; Subnautica 2 Official Reveal + Deep Dive, Everything about Subnautica 2",248
VFT0_7wKrw4,You CAN'T Say This in Roblox...,249
n-LZW35qHfs,The *RANDOM* FORTNITEMARES Challenge,250
H1WaKQwKelM,Nico vs Cash FACE CAM In Roblox!,251
PX3YqLCscmA,Who Killed Barry?!?,252
TudAYRIxPjw,A QUIET PLACE THE ROAD AHEAD Walkthrough Gameplay Part 1 - INTRO (FULL GAME),253
2JkVTcgx_rw,100 Hidden Secrets Minecraft Doesn’t Want You to Know!,254
wIhpD4Wi0lc,"Finally Obtaining & Mastering NEW ""Toji Fushiguro"" + ""Satoru Gojo"" Spec on A Universal Time...",255
cAuNkrsblt0,The Highest Rated Trading Card Shop in America,256
-q2DIzcxgs4,Playing ROBLOX! Come Join ME!!,257
--ftn3y_05E,Hamster Kombat: A new beginning ⚡️ Teaser,258
yVJNZTf5M88,20 Best Recent Games That Are NOW DIRT CHEAP,259
fd6kzZk99TA,Overwatch 2 x My Hero Academia | Gameplay Trailer,260
g4zfT4W0PsE,สล็อตpg สล็อตเว็บตรง สล็อตแตกง่าย สล็อตวอเลท slotสล็อตpgเว็บตรง,261
3z23D2V_J_Y,30 SECRETS In Fortnitemares,262
qu-ooZcXzIs,MY HERO ACADEMIA X OW2 COLLABORATION,263
JWUNyzwToUY,i built in the new rock...,264
ZsP22KsiuUo,Late night pokemon mod,265
u3Qj_vM5l1c,สล็อตวอเลท สล็อต2024 เว็บตรง2024 สล็อตวอเลทtrue wallet,266
1cdpRPIqi60,roblox finally listened...,267
Hl6R3rHDLYU,LEVEL 1001 WINNING in SOLOS! (Fortnite Battle Royale),268
iKZWYC9L3Go,The *HALLOWEEN* ONLY Challenge in Fortnite!,269
S-Q5ssEERxc,Our First Time Playing Resident Evil 7 (Part 2),270
hV3pW8mzhUQ,Lore Accurate Titan (World's First Solo 2 Phase) | Destiny 2 Revenant,271
xZFDVBoYNWo,I Watched ALL of Parkour Civilization. Now I'm an expert.,272
oS8pPpCavjU,สล็อต สล็อตpg สล็อตแตกง่าย สล็อตเว็บตรง เว็บสล็อตเว็บตรง,273
gcwaHh6c0NQ,Dragon Ball Sparking Zero Team Fights Are INSANE,274
Apl0YNlt-Lo,A Game Where You LIE Or DIE,275
5lL0EovVe7U,"The Commanders Are My New Franchise Team, Jayden Daniels Is Elite!",276
JpQOtc-YgUY,"Arcane: Season 2 | ""Come Play"" | Series Trailer | Netflix",277
Z0SUaQQewxo,Two Idiots VS Sparking Zero,278
AApSbOFX8QM,The Most Disturbing Game I've Played | Bad Parenting,279
FawzmATN0w4,Escaped Prisoner Costume Party in GTA RP | OCRP,280
k4_3-ulXkm8,Episode 4.1: AK’s Got The Most Hats In The City! | GTA RP | Grizzley World RP (V1),281
w9XBlSsMhAA,"News! Story Mode, 2nd Supers & MODE Maker!?",282
yY1Z_pXxtzo,Thomas The Train Has Gone Off The Rails,283
Qrg92wDlUUg,GRIZZY AND I PLAYED THE MOST CHAOTIC ROBLOX NEXTBOT GAMES,284
CZFbISeEoUg,Cars vs wavy pipes in GTA 5,285
MqWvvcCyGE8,They Added A SECRET BOSS to ROBLOX The Strongest Battlegrounds...,286
ibuIqardloY,I Joined SPRUNKI..,287
_3fkGHIXEcM,I Lost Control Of My Life in TCG Card Shop Simulator,288
QqhSvu_m9So,Turning Into REJECZ In SPRUNKI,289
PI9ujdO8Cu0,NickEh30 reacts to Fortnitemares 2024! (ft. IShowSpeed),290
7EeLJ-XtMO4,Trolling Cops as Super Heroes on GTA 5 RP,291
YsyacuVB7K4,HE CAN'T TAKE MUCH MORE OF THIS (Rocket League),292
6Lnpbd3bgAs,สล็อตแตกง่าย สล็อตแตกหนัก สล็อตทุนน้อย สล็อต สล็อตแตกดี,293
1EuOv06sSgs,"🔴LIVE - DR DISRESPECT - THREE NEW GAMES, ONE CHAMPION!",294
dYUulSpnQXk,Halloween Update in Murder Mystery 2! (LIVE 2024),295
WH3jT53hIYM,Hades II - The Olympic Update Trailer,296
rC3a6hzN5lU,I Have To Make A Change - Channel Update,297
cnIKVH9m0GY,STREAM ENDS IF I lose Madden 25,298
bnOGgzvXyS8,"If your message isn't COMPLETELY UNIQUE, you're banned.",299
iycsIagZbyg,THE LOST SPRUNKIS...,300
rR5vyzjGwmk,Arcane In-Game Preview: Come Play - Riot Games,301
13EkBZX_njY,Our BEST Run Yet On The NEW DayZ DLC Map!,302
JE1ed-X_4DU,The WORST Rework In Overwatch 2 History,303
eiQHRekdXLM,THE CRAZIEST TECH IN ALL BATTLEGROUNDS HISTORY,304
Drjp_c77DAE,We could be getting a combat rework pretty soon.,305
3EiC0SPLFjw,Doing DRILLS in a 803 HP M4 in GTA 5 RP!,306
HwsjxcUNu40,YOU LIE = YOU GET SHOT (Liar’s Bar),307
z7aTfXzRCV8,Destiny Mobile revealed + 'Dragon Ball: Sparking! Zero' takes over | This Week in Videogames,308
GJxX2hEZt3U,Sub 1 Speedrun Attempts Day 16 I am done with exams!,309
fxvSEpFoam8,Samsung mocking Apple 😂💀 #blowup #apple #samsung #edit,310
JdkFQ3w2dC8,Light Mode vs. Dark Mode,311
1QRq4iqYK_Q,VR Headset For $10😭💀,312
MuzrpFOngmg,I got a new Iphone 16 Pro Max for $50 #carterpcs #tech #techtok #techfacts #apple #iphone16,313
PTe5n3oSnX8,Elon musk talking about Samsung latest phone #ytshorts #shorts #elonmusk #samsung #latestnews,314
gfKZRifV7YE,iPhone 16 vs iPhone 12: INSANE Speed Test! ⚡ Who’s the Real King? #Shorts#ViralVideo,315
5-iG8ocg5nk,Download Wikipedia,316
CTH0Zf3YiUk,Gallium Put a HOLE in My MacBook… #Shorts,317
h0Jg22W5PvI,Apple Vision Pro MOVIE? 👀,318
qGBeFJFMsOg,Should we be worried about this?,319
j7C9xazYmAc,"If you want a speaker with good bass and a cheap price, buy this #speaker #bluetoothspeaker #bass",320
Ai14WPlKO-s,Why do Controllers Need Updates? 🤔,321
5K5mbNF0WcY,Apps That Are Banned,322
1zL7JAoaGUA,3 Phone Tips That Could Save Your Life,323
pHUZdsmphNc,Which Phone For Your Mother?,324
XL0fRZNmWUc,Who else wants one? 🤩 Link in bio‼️,325
aRWf0UCgI9o,Nintendo Switch Freeze Test!,326
_V6W1NguggQ,This Guy tests if His Samsung Phone Is Water Proof Or Not!,327
WkIR23emsWY,"MP3 CDs: a hybrid ""format"" that never existed, yet was surprisingly common",328
_Zv_uePXwMA,Smart Inventions You Didn't Know Existed! #34,329
16jDklkdQno,The Invention of WD-40,330
U4Y8nK-SiIY,Nokia phones are insane 😭,331
GdFIjsMfSc8,Are We Out of Touch? - $1000 Gaming PC Challenge,332
QjXxRGEWy2s,"Truco para que si te roban el cel, no puedan acceder a el",333
XBj7noXdzCE,When your Charging Cables Go Missing #shorts,334
DnjATyPuFFk,Holograms are wild (full video linked above),335
65ciAONXv0M,Let's Talk About Panels,336
s17pV9q_eb4,Color Match Filter,337
c0jalBT5yWw,Testing Nintendo Alarmo...,338
3mI6QvWh7Rk,Why would Apple hide this on the inside?,339
Sh7dHkq9DPc,High performance computers cooling method.,340
WJ8v-twXSkU,CUSTOMIZING THE LAST KEY!!! #artwork #satisfying #customkeyboard,341
VOrFMUfs9uc,“Action button” allows to record instantly #shorts #iphone #apple,342
WDsr237ozKQ,How Real Blueprints are Made #cool #art #engineering #experiment #science #electronics,343
y9vgzLZkHVg,TOP SIRI TRICKS😂😂,344
oSxCeafK8mA,Forgotten Switch Features…,345
MoCQygYFvJE,mastering salesforce learn and tricks with quizzes and objectives,346
S2drV2u3hZc,Can You Hear THIS Noise? @alienwarechannel @IntelGaming ⁠#alienware_partner  #IntelCoreProcessor,347
uSGVk2KVokQ,Why Google Search is Falling Apart.,348
9mISqai2KI4,Why I Don’t Like The Fractal Design North 😬,349
TevJjwAQXt8,I tested the “Highest Tech” AI Vacuum,350
EqyGpXK2fSU,The new Xbox Series X is BETTER 👀,351
sRmVEnP-EXs,Ethical Hacker Warns: Check Your Charger ASAP & What Happens After Clicking Adult Sites,352
1JGJt9aMYjo,is this PC mod GOOD or GARBAGE?,353
zIHFIc-vkjE,Hackers Are Erasing Decades of Internet History,354
ONDs6zaSRTc,The Quantum Computing Collapse Has Begun,355
W95EueKPS38,Pick the Best Phone for Your School Life! 📱🏫,356
VepOepAA7_U,The Unthinkable Has Happened,357
3Obk-HEYTH8,"RYAN MONTGOMERY HACKED OVER 10,000 PCs! #podcast #internet #hacker #cybersecurity",358
5fxf191c0jg,"Amazon Drops 4 New Kindles, Including Color Model",359
2RmUMmUj3u8,Firefox and Tor hit with 9.8 critical level exploit,360
4qPiBnJR0w4,When should you upgrade your PC?? And how do you know what you should upgrade first?,361
v7aRWcM0AFE,A New Type of Computer Case | HAVN HS 420 Thermal Benchmarks & Review,362
jZf1dd2zI2Q,"CONFIGURATION💘PERFECTA🔔para✅ SAMSUNG😊 A3,A5,A6,A7,J2,J5,J7,S5,S6,S7,S9,A10#4rabetind #livebigagency",363
6GOqREgcias,Google Chrome Finally Killed Ad Blockers...,364
mN15J_6ae74,Instructions Unclear! Building 3D Printers #3dprinting #3dprinted #3dprinter #3dprint,365
-Z-FYIbch9E,The Only Way To Get The Win On This Filter Is By Naming The Correct States…,366
5_Q_hzfUXLg,"Huawei MateXT amazes the world with immersive unboxing XT three-fold screen, #HuaweiMobile",367
bZZqKVGNrso,The force of electromagnetic eddy currents,368
qnj9_cA8Z-M,"Mark Zuckerberg says Meta's new holographic AR glasses are ""insane"" to make",369
XjN5XmFSGQU,Amazon Drops 4 NEW Kindles for 2024 - Hands-On First Look!,370
JJvs16KLocY,NVIDIA’s 50 Series Graphics Cards Plan,371
JmrnTiTDMdU,Luminous screen protectors 🔥 #iphone ##screenprotector #android,372
p6U1BWZtweI,Pc Fail turned success story #pcrepair #computerrepair #gamingpc #pcsetup #pcbuild #pcservice #pcs,373
bwQQZsV3Sw0,"NYC thief steals laptop, I buy customer a better one! (ThinkPad P15s) #tech #pc #technology #shorts",374
ZxYBwe-CwQg,The best mousepad I've ever used.,375
E07UGeCsh8w,PS5 for Maths Grade 😳🎮,376
9VK6Ep7IBA0,Nintendo made an $100 ALARM CLOCK that can track your sleep! #nintendo #sound #clock #alarmo #alarm,377
Eu4-QJ312pU,La tienda Samsung colocó iPhones en las escaleras.,378
uAKn-csF8g4,Turn on RCS on your iPhone! #mkbhd #waveformpodcast #tech,379
x-EbjGSRyKA,I Built a Robot that Plays FPS Games,380
4_7kxGKWDIs,The damaged battery head isrepaired. #Battery #Repair,381
3dQ6yKSttEc,"How to Make High Quality Videos in 54 min, 19 sec, 20 milliseconds",382
mjn44Amuzf0,I built a “friendly” fly trap 💀 #electronics #arduino #engineering,383
Qnauk0wEerQ,What Happens If You Fill EVERY PCI Express Slot?,384
6-FbIsbFfNk,NEW iPad mini 7 is Here - 10 MAJOR Reasons to Upgrade!,385
2DfpX2scg00,Microsoft Recall Required??,386
W_yWTI5ED48,iPhone 7,387
GwLD8E4LkmI,iOS 18.1 Beta 7 is Out! - What's New?,388
-bEPLMgrirs,Restoring Junk Xbox One S - Console Restoration,389
yHY8qsnQCdI,They accept no liability... - SJGAM M25,390
w7pVHomit0s,I Made Popular App Icons ULTRA Realistic,391
bUrCR4jQQg8,Ep17. Welcome Jensen Huang | BG2 w/ Bill Gurley & Brad Gerstner,392
xuaf3anGj64,iPhone 16 Pro vs Pro Max After 25 Days - Don’t Be Like Me..,393
WiQSCW1zvh4,iPad Mini 7 is Official! Everything You Need To Know!,394
sGrQ3VdKwBQ,MKBHD Vs Huawei In Person,395
ZkCZtHQi_AM,El Teclado Se Convierte En Arte ❤️,396
vmpDtQzmDLo,No internet vs slow internet vs fast internet,397
4fhl9F8DZDU,Meet DJI Air 3S,398
-F-gCRqh1jA,NEW iPad mini A17 Pro - DON'T BE FOOLED!,399
Xn51DSTCcO4,"Ethical Hacker: ""100% your phone is hacked!""",400
Xu7PyTQ9OLU,iPad Mini A17 Pro - SURPRISE LAUNCH! New Features and Specs!,401
8IHhvkaVqVE,Does Deno 2 really uncomplicate JavaScript?,402
ZZ3uy1kDzno,The Fujifilm X-M5 is a Surprisingly POWERFUL Little Camera!,403
W8rRq5jwANs,"When the lights go out, but your EcoFlow saves you. #EcoFlowDELTA3Plus #ReadyIn30 #HomeBackup #ad",404
lHSwkr623KI,new exploit targets Firefox and Tor,405
7iKjX5sxa4I,How Are These Gaming Monitors SO CHEAP?,406
H3CrdLZBih0,iPad Mini 7 - We NEED to talk...,407
6jzG-BMannc,"My Kickstarter failed, so I open sourced it",408
syUoJvoT1Ik,Why Are USB Ports So Annoying #funfact,409
I4Utn3N_dZo,Playing Steam Games on your Retro Handheld,410
aqA5ys1LW84,Apple Releases NEW iPad Mini with Apple Intelligence!,411
hxrLUHtQqP8,World's Most Expensive Unboxing,412
CHsFAEFOPhI,هرگز نزدیک این کامپیوتر نشو چون…,413
fY-djsNEDME,I Bought 11 BROKEN PS5's & 9 BROKEN Xbox's - Can I Fix Them?,414
u64gDYp2SPI,傲慢、谎言与分裂，从全球第一到接近崩盘！短短两年，三星到底发生了什么？,415
a-ImUnRwjAo,4K Gaming... on Raspberry Pi!,416
OvwxLP3xKFo,"How does this ""phone"" work without a line?",417
L_Ewhkf8nEE,I'm Bored...So I built another Dream Gaming PC - O11 Vision Compact,418
vMJzQHr6iKw,"Are Windows ""Generic Keys"" illegal?",419
jW6b4ObnYMY,Microsoft Recall Update,420
u3N-2lIE11k,The Tablet For When You're Dying,421
UKq_blvKCPc,The New Surveillance Tool on Your Machine,422
tbGDEczI-JE,Nvidia's Releasing The MOTHERLOAD!,423
MTHtDOcsz9k,Stop Using Your Iphone Without Protection…,424
TBslKrgw1yg,Valve CONFIRMS New Hardware,425
6bQChOnyRNM,Sony’s “Refurbished” PS5s are a JOKE… 😬,426
JG1TdfezJzo,It's Official: The Real New COMMODORE® 64 is Finally Here!,427
v7nprsWLq0A,NEW Windows 24H2: New Features!,428
2u3hC7g8zxo,Microsoft Shocks with NEW Xbox!,429
ELWeP-vQ5Oo,You Won’t Believe the New iPad Mini,430
mPCo9kRJTgU,Firefox VS the Chrome-ium Empire,431
rDazo8tkCPU,Android 15 is HERE! Plus HUGE Pixel Drop!,432
lmCMEddwe88,NEW iPad mini 7 OUT NOW!,433
L2J_eNgjxio,Making oddly satisfying LED magnet tiles,434
1qyrPEec21w,رقابت بین گوشی‌های گوگل، سامسونگ، شیائومی، آنر، هوآوی و آیفون,435
BJOuR7zo9oE,I Tested Starlink Mini and You WON'T Believe The Results!,436
F2tXw74fyxc,Apple Intelligence Setup: Your iPhone Will Never Be The Same,437
AGvSpJi5-Y0,How OceanGate Titan Sub Realtime Hull Monitor FAILED! RTM,438
XrL-l9ldoYk,This Metering Mode is Ruining Your EXPOSURE!,439
4dyL6QeaORM,What Nintendo Didn't Tell You About Alarmo,440
VGAnoFapsTU,Como Recuperar Tu Móvil Robado 👮🏻‍♂️,441
iFmOhR0zp2Q,The Best Tweak EVER In The Whole Audio Industry,442
grZg-BEhKMI,The Wordpress drama keeps getting worse,443
Ew9Aj7s6pjs,Why Free OTA Antenna TV is No Longer As Reliable As It Used To Be,444
UDNAACIWELk,I used the TINY Fujifilm X-M5.,445
-tOd0rrissw,The NEW Nintendo Hardware is FINALLY here,446
GZ8Ewiv0QZQ,THE IPAD MINI 7 IS HERE! MY REACTION!,447
fZ_LVPAKaUE,Sony Bravia 7 Mini-LED TV Review | Amazing Picture! But …,448
zFXIa0E5oEg,Photoshop 2025: Top 7 New Features Explained!,449
eSFDjkoFH98,Intel was Honest For Once - Tech News Oct 13,450
EEXI6r08908,Introducing: Bolt & Bolt-M,451
ZyZjDG1D7Fg,This comparison was NOT what I expected...,452
yO0lMy8pyzw,I Turned My PS5 Into A PC,453
w57U4XzaVaE,Android 15 Official update: EVERY new function and feature!,454
hpobc0V2a0Q,Apple Stopping Yearly Releases,455
7j70XKAaeSs,Sonos Arc Ultra Announced! What Have They Done? 🤯,456
XcPmvp7myRM,LA MEJOR PRESENTACIÓN de la HISTORIA,457
4zT53LJk0EE,I got a Bose Smart speaker 500 - it gets me,458
5730F600GjM,iPhone SE 4 FIRST LOOK! Major Leaks!,459
q91nNc6tomI,Keyboard Cleaning Hack,460
faReSDQAO24,Apple-Designer aktualisieren das iPhone-Design 😂,461
JtDDJ91pTsk,October CPU Prices Go CRAZY! 🛑 9800X3D vs Intel Core Ultra | Best Gaming CPU 2024,462
7uSTz4VVt9k,Controversial Apple's change! iPhone Update!,463
ia57yaRdaMg,How to connect electrical wires with good contact #short,464
fHV81iCiKSQ,We Built a CRAZY $374 Gaming PC Build,465
EMIyt7ktDrU,Is 710labs actually any good?,466
U8HRiwkyYug,"Huawei’s Triple-Fold Phone Broke in 2 Days, Yet They Boast Their Latest Chip Surpasses NVIDIA!",467
inrDoJb4jwc,Sua bateria descarrega rápido? ​⁠@mayca.brasil ​⁠@Duda_dancer #dancer #trend #funny #short,468
x01DWLn4L-E,What Windows XP Should've Been - XPize Demo,469
qg7IzaUeBnw,I Bought this Crazy Super Cheap Amp on Ali Express! And,470
H0axuzyN_1s,AM5 Chipsets Are a Mess - X870E vs X670E vs X870 vs B650 vs B850 vs B840 vs A620,471
J_jv15xgfEc,Testing Thousands of G15 Germanium Diodes,472
j0yKLumIbaM,ChatGPT-O1 Changes Programming as a Profession. I really hated saying that.,473
42HPCQ-A-6s,10 AMAZING things your iPhone can do right now! (iOS 18),474
oQT10M5AdAs,The Future of Gaming 👾,475
yxW787ZXg_Q,Impressive $40 Handheld! RGB10X Review,476
zc3sPoqOFG8,I built a retro Mac from BRAND NEW parts!,477
f94CnlQ0eq4,How does a 3D Printer work? (A1 by Bambu Lab),478
4ZmcJNQCUsM,Free Internet With Amazon Prime? It Could Happen,479
Dy--t_98PkU,Pc Tips Part 31‼️🤫 Easy FPS Boost #tech #pctips #gaming #pc #techtok #viralshorts #fpsboost #xmp,480
owT7_qWPD-U,Fuji TX-1 (xpan),481
P1YP3Wn0qwk,Compré el iPhone 16 Pro: ¿es tan malo como dicen? | ¡Gran fracaso de Apple! 📱,482
84RoiS-HiiM,This ONE tool will save you HOURS!,483
JZ1VNUu2jpE,Transmitting Without A Ham Radio License & #sadham,484
4buGMfT-qgs,14 NEW Blackout Gadgets Actually Worth Buying!,485
2HLF-46Das4,COMPLETELY Overhauling This Old HP Server [Part 1],486
QQu49zZsZ80,I Bought a FAULTY Special Edition SWITCH LITE | Can I FIX It?,487
L_utWG3251Y,i got a FREE gaming laptop... #shorts,488
EGNunyDTI8w,Кому новенький айфон,489
UNv08gFT_A4,Does Moving Fast Prevent Electric Shock?,490
6mqbD5x8va0,Why Airplane Mode is a Must on Flights!,491
34mQvW_QKz4,Touch screens are out: Inside the push to bring back buttons,492
o1u_RFz6DZA,ویدئو پروژکتور موبایل,493
BACq9vDy3XM,If apple made a RING🤯#apple,494
erizXy1T2dY,Lightning + Apple + Pencil,495
9hlBeV0IIoU,Windows 10: One Year to Go -- & what we do next!,496
aF8ya3IXdWw,😱 ВИЛСАКОМ ОБОГНАЛ РЕЛИЗ МАКБУКА! #shorts #wylsacom #macbook,497
ribTjnwD0Uw,X Summit CLAY Studio 2024/ FUJIFILM,498
YwInDMm8_30,Unboxing: Begode A2,499
XbD52tc2Om8,CAT IPHONE TOUCH ID! #pets #cat #catlover,500
XSsIDbbqzdc,"Проверил, как вам?",501
9fZQZ0Ubdlw,iOS 18 Settings To Turn OFF Now! (Important!),502
ibqj6xGdi3M,The 10 Best PS5 Accessories Worth Buying!,503
V4E8716KFgw,Мировая премьера раньше Apple! МНЕ ПОДКИНУЛИ MACBOOK PRO НА M4! [+English Audio],504
CwCKWjjBDtc,Why Flashing High Beams Triggered Me Like Never Before,505
56ZNw83AHkU,iPhone 1 vs iPhone 16 Pro Max,506
ieu80FDVwPs,Y300Pro battery life is better than the Vivo happy couple. What happened when giving gifts to th,507
nMt3na3pRyQ,New Features Coming to YouTube on TV!,508
CP8f2BE1Pko,"Google once forgot to renew its domain, Google.com, and somebody bought it",509
Dqm3TVK3Jgw,He thought he was Tough..🤣☠️#shorts #nfl,510
JGPk1fW7dS4,Baker Mayfield on Texas: 'Good feeling' being 'rent free in their heads' (via CJVogel_OTF/x) #shorts,511
Fef22Bm8A9w,IShowSpeed vs Norway Kids (backflips) #ishowspeed,512
xdLXlB7HDO8,#subscribe @Brandonisbetterrr,513
23LpptRvqGQ,those elementary Qb sneaks 😂,514
mTSBDoY9hfY,Reggie Bush Was SHOCKED He Wasn’t Drafted 1st Overall 😳,515
WDBIz0jfdnk,This disqualified him?,516
q-PAU9uWWCk,Shortest player in the NBA shocked Ja Morant 🤯 #shorts,517
hY3bvqxoWBM,What you thought would happen playing basketball in your driveway,518
z-SmT2cpxxk,Types Of Stops On A WATER Rink!,519
n_V5DvMgSlg,Matt Carpenter was confused for a second 😅,520
T11lcZfve5w,0% Respect Moments 😓,521
9Ii6dFW3UX0,Mexican Football is WILD 😂 ft. Shane Gillis,522
oPy5euoa-uU,"He doesn’t even care about the race, he’s happy to run beside his hero",523
SOi-qDRfQqE,Georgina vs Antonela vs Celine Dept vs IShowSpeed - Alisha Lehmann asks🤩⚽,524
PEMeeAJ5OQw,Insane LeBron Post 😭,525
6KL32XutHwE,Recreating Every Olympics part 7,526
nWlsF47PmKM,🗣️Why Dana White Didn't Sign Julieta Martinez❌,527
zerSE7Ya80Q,The best replay of all time! 🤯 #Rugby #Shorts #Sevens,528
rTZIkTHUjiU,Edey LEARNING from Smart 🤓 #shorts,529
pPHIj5ILaCQ,Stephen A. Smith standing ON BUSINESS‼️,530
33LYgHSp6T4,I’ll remember this moment forever! #shorts #football,531
GHJKrYyww2E,Give him another chance 😅🏈 #shorts,532
uN5leKZuxwA,Mike Tyson RETURNS Evander Holyfield's Ear,533
khQg4o99boI,John Harbaugh exits presser to check on brother Jim after going to locker room with illness #shorts,534
xgJybkGvlTk,Bro got them good! 😳🔥,535
9F5zT10yWkw,Too much pressure? 😂,536
J_sPKIwAh_k,Nah dat was tough 😤 #shorts,537
euPMgs1gQZQ,POV: REF STICKS TO NFL SCRIPT 💀 #football #funny #shorts,538
a4570TxfI8o,FAILING Makes Deion Angry😡,539
06uNW12b9kE,Antman is a MENACE!😭,540
ZnFekEK74mg,Was The Giants FG Block ILLEGAL? 🧐,541
1oMnrxn4_KM,"Kiké Hernandez fooled Jesse Winker with this deke, a breakdown #sports #mlb #baseball #dodgers #mets",542
i9KgzLytPPE,Vanderbilt Fans Carried The Goal Posts Through Nashville!,543
3awZjzAYZVQ,This Arkansas Team can beat ANYBODY! 🤯 #shorts,544
4yuk0jRl79M,There's a common theme in the NFL! #shorts #saints #chiefs,545
ebO63crUB18,"Heated Debate: Can Chad Johnson, Brandon Marshall & Dez Bryant Still Dominate in Today's NFL? #NFL",546
_HdYbpAEAQI,Football celebrations today be like‼️😭 #nfl #collegefootball #footballshorts,547
E_fpUZsD4hU,iShowSpeed's UNCLE Looks Like KEVIN DURANT🤯😂,548
7o3owQHqIX0,The Legendary Guy 🤩,549
dRAnxZQ0ySQ,"Demetrious Johnson Ranks MMA Gloves! (UFC, ONE, Pride) 🥊🤔",550
z7Bsb1ZlTk0,The titans are not allowed to have players the hurt the team #movie #film #viralvideo #shorts #,551
2j_7EZsiK08,This is the reason why Kobe Bryant was one of the best basketball players of all time.,552
Oaq6Dq2Gg3E,Cooked him 😭 (via @Elvin Rodriguez @HOOPBUS @Veniceball/TT) #shorts,553
lNZ3AFM7FW8,This got me🥰🥰#love #care #foryou #grateful #subscribe,554
h13fRu8RA4g,I Got TACKLED Mid-air,555
6UM-spG_Pog,Kobe Cussed Out Charles Barkley And Stephen A 😱,556
7UxKKR6OjG8,I Tricked The Referee into Disallowing a Goal 😈,557
ywQ-JC480O8,Hilarious Story of MJ and Kwame Brown’s Bar Fight! 😂 #nba,558
74fHRIAPGDA,HOW WRs REACT AFTER BAD PASSES,559
x4aFly_Uduk,Conor McGregor vs The Paul Brothers 🥶 #shorts #loganpaul #conormcgregor #jakepaul #trending,560
mmjbmhhZhpA,Guy With No Legs WON this Race 🥇😍,561
PKqc1rsdIsg,The Rock Talks Contract Negotiation With Vince McMahon Pt. 2 #wwe #dwaynejohnson #vincemcmahon,562
8fFikgJSIEk,Can I Break 50 With Phil Mickelson From The Front Tees?,563
jZT8UjGxRTo,CeeDee reveals what he said to Dak on the sideline after Redzone INT 👀,564
-bapuRjlDFI,We had to know who's fastest 👀 #shorts,565
VMhi3VLFIy0,NFL Coaches That Need to Be Launched Into the Sun #football #fired #sirianni #pederson #mccarthy,566
c37T0V9rpFY,Rodman was just DIFFERENT ☠️,567
3B_9PrP04Vo,High school player gets one final at-bat 🥹,568
LB4QkmTaqkw,The explanation after this review 😭,569
rgG9ydZARrk,Instant karma  #edit #trollface #troll,570
hLuI7AQoA74,When this driver pulled off the best divebomb in history to win the race,571
fCifWm7er0w,Kai Cenat Tries LeBron James Hennessy,572
stAHAlAxSyc,LeBron Is Actually A GENIUS!! #nba #basketball #lebronjames #basketballshorts,573
XiK5naBCSck,This kicker had a genius strategy in London! #shorts #nfl #jets #london,574
4uT5frZwAGg,What Magic Said To Kareem After His FIRST NBA Game 😂 | @AllTheSmokeProductions #shorts,575
gcjMBFENTMw,getting sacked 10 plus times fs 😭🙏#memes #football #ksi #nfl #highschoolfootball,576
PhTvKP1OQDk,I’m A Premier League Referee now💀,577
fxuYOrH6T20,bro is the biggest troll 🤣,578
epBB-2kHMxA,QUANDO A TRANSIÇÃO É PERFEITA 😂 #futebol #viral #cr7 #shorts,579
8X-5I0CIBuE,TOP 5 SCARIEST KNOCKOUTS 😳 #shorts,580
c1hUSWeaeTs,Rashad calls CAP on Gil dropping 60 on Kobe 🔥,581
DBRpd09yLuM,HIGHLIGHTS | México vs Estados Unidos | Amistoso Internacional | TUDN,582
hK8dELgg4ck,Dodgers vs. Mets NLCS Game 3 Highlights (10/16/24) | MLB Highlights,583
IYAlJ0QiklI,challenge #messi or #ronaldo #mbappe #neymar #football #amzingrespect #shortvideo #respect #remix,584
ylNtPbGWKoI,That spin move tho 🔥🔥 #shorts,585
UZ2vVECKPQA,Recuperar una pelota de béisbol usando solo una cuerday un vasocs😱😳Credit: @Pugggles @FunKompany,586
e_UIAf9S1lc,Calm is stronger than arrogance😉 #shorts,587
A1iFBWYn3J4,Absolute MADNESSS 🤯🔥#wrestling #martialarts #sports #wrestlingshorts  #Final #NJ #fighter #viral,588
da1uf4ZLoEM,Ufc fighters who are on steroids!🔥,589
g5sKZjhuZSc,CROSSBAR SOCCER  CHALLENGE⚽️🔥,590
1xPIsGio_cE,When Deon Cole Got Caught —You Won’t Believe His Response 👀 | ​⁠@ClubShayShay,591
st2jUZXU0lM,Top 10 best fakes in NFL | Part 1,592
T2pWhsNp9a0,Unbelievable Fight Prediction #joerogan #shortsfeed #gordonryan,593
-qmCY1_EGzU,The Best (& Worst) Stone Cold Stunners,594
RYlAJYiaAMo,She had only one job 😂 #shorts,595
ADa-cArhWFs,Why Kai Cenat is RETIRING.. 😨🚨,596
5vLv22kW04U,#shortsvideo #football #inspiration #highlights #mentalhealth #shorts #nfl #ab #freefire #god #play,597
CLylj22EgS8,"WARRIORS at LAKERS | NBA PRESEASON FULL GAME HIGHLIGHTS | October 15, 2024",598
JW7mio-GRFo,This girl had an awkward moment at her high school 😂,599
C3wPtKNbAOA,ARGENTINA vs. BOLIVIA [6-0] | RESUMEN | ELIMINATORIAS SUDAMERICANAS | FECHA 10,600
C3tDEXcerSQ,"Michael Jordan chops it up with former coach Doug Collins: ""Whad up dawg! He telling lies on me?"" 😂",601
KtY27Bmf0Ls,bro would still be going if it wasn’t for security🤣 #houston #texans #bills #nfl #prank #challenge,602
xL4wjWV3M7I,Benson Boone Being The Swiftiest Celebrity! #taylorswift #bensonboone #erastour #shorts,603
WA_Dx_q7h6s,#caitlinclark #basketball #wnba,604
9IBO9uTZE4I,Which crazy serve is Illegal? Explanations #pingpong #tabletennis,605
1ZvayXSZe-o,He Wanted one Chance an He Got It ‼️🔥🔥‼️,606
Op7pXurmNk0,NOCKOUT A LAZY BOY #ufc #mmalatino #mma #impactomma #lazyboy,607
wIwNmI3yMUA,Dawg came in 3 piece suit! Ready to compete! 💪🏾📌😂 #shorts #detroityb #supersuitman,608
Aey9iYruhc4,Bo DOESN’T Blame Troy Franklin for Drop 🥹🫶,609
ACUaQz51acc,🎉 BIRTHDAY CELEBRATION! 🤠 Stephen A. & Shannon Sharpe UNLEASH on Dallas Cowboys! | First Take,610
Cd9hsgtdfSc,The Lox Planned to Jump Mike Tyson,611
dFN_zMIPiV8,Knicks legend Stoudemire approved 🫡 #shorts #basketball #funny #knicks #rizzler #rizz #highlights,612
NM-t0YghrsM,10ft+ Volleyball Player Steals the Spotlight with Dance Performance! #shorts #shortsdance 매우 키가 큰 여자,613
Zd0gjxDCg1c,iShowSpeed Turn Messi Fan To Ronaldo 🤯,614
B8mpLaZsiTg,How Much Are UFC Superstars Really Getting Paid? 🤑 #shorts,615
T9RlfHYPd2Q,I can play every sport 😂,616
Rndh8zBKekE,When Aston Jeanty is at Running Back🤣🏈 #football #comedyskit #skit #funny #sports #footballskit,617
4trU9W_JFbE,IShowSpeed meets his deaf fan❤️‍🩹 /|| #ishowspeed,618
AQWBMOTwnjw,I can’t believe I caught it mid air 😂🤠 #gymnastics #gymnast #cowboy #olympics #olympic #sports #d1,619
R3HGX4S-AAY,💥CHILAVERT Y SU REACCIÓN LOS INSULTOS EN EL VESTUARIO DEL RACING ESTRASBURGO. #paraguay #futbol,620
r7zvahsXeHo,John Mcphee Talks About His Fight With Tim Kennedy #usarmy #military #specialforces #army,621
SKZgf7g1OQ0,#2 Ohio State vs #3 Oregon (CRAZY GAME!) | Full Game Highlights | 2024 College Football Highlights,622
EnkBlK0PG7E,Cam Jordan says Drew Brees is The Goat over Tom Brady😮 #nfl #shorts,623
Dx3dkMJKS4M,Colorado got CHEATED 😳🤔 #shorts,624
emoCWsd4ygY,Kyrie has 2 different signature shoes!? 🤨 @overtimemikey #sneakers #kyrieirving #nba #basketball,625
YuGv-MhfPeA,HOW MARK BEAT DIRK IN A 1V1😂,626
xCUfJPsGjGg,JSN INSANELY SMART FAKE OUT 🤯👀 #shorts,627
7AQIbGjm2tg,Top 15 Most Satisfying Plays in MLB History | Part 2,628
Epln_pwbWu4,Short Kings On Top?!?,629
fKw6HS0ljoM,What KID PLAYER Are YOU? ⚽️🤔🫵,630
vQRwX7iTr5M,"Derrick Rose on NBA retirement, MVP season with Bulls, scoring 50 with Timberwolves | Club 520",631
QJt4gNvd33E,Marshawn couldn't believe Sherm #shorts,632
yMxI-hCTXQk,There's no quit with this guy... Wheelz is a BEAST 💪,633
ZzCwthkl1MI,Boxing basics first rule respect the coach how can he teach u anything if u don't respect who he is,634
ntjQizc9Acc,Michigan coaches not going for it! 😂 Washington vs Michigan #BigTen,635
pBtVi6mmoEA,100% Crazy Pitch Invaders🤯🔥,636
THWc9PEPrnA,It Costs $1 To Rent Out SoFi Stadium FOR A YEAR 😳💵,637
tW7PLJkfOo0,40yrs old Pacquiao vs Undefeated Prime Thruman,638
mYQOMAJ0cGk,Ronaldo Vs Messi THE GREATEST Rivalry of All Time,639
XK_M_GFxWTo,¡Esa rata cometió un acto ruin y fue castigada!,640
ijBzHO9umeo,Lou Williams talks prime Gilbert Arenas busting their a** on minute restriction 💀,641
_74sfuvO8t0,Jeff Teague Shares Hilarious Andrew Wiggins Contract Story😭,642
xvGCKEIhoSQ,Bro behind the Cameraman 💀,643
hwdqUzFD7tc,Don't sneeze and field #basebroz #baseball #baseballlove #baseballlife #oops #sneeze #shortstop,644
9Wg4YLtzlAs,The Pat McAfee Show Live | Aaron Rodgers Tuesday October 15th 2024,645
Eu9gP2uAeTQ,Lebron is Diddy? #nba,646
waKmXbxOlpk,An emotional roller coaster in 11 seconds,647
UqUVNylLgmo,He Kept Failing During His Test But That Did Not Stop Him! (via: @guard.soldier/TT),648
aWo-ur71zvo,Aidan Hutchinson Horrible Leg Injury - Doctor Explains,649
nWWA12w3IgU,He copied the style from Ronaldo and goaled 😮 #shorts,650
hNUehsz4riA,💋 Jason Kelce gives Wife Kyle Kelce kiss on the Field in KC before Chiefs - Saints MNF via ESPN,651
MiUOhPNXOXY,"Which side wins, left or right? Draft with categories to choose player! #nba #basketball #nbadraft",652
4zvIhtVkLxM,"You Won't Believe How Cristiano Jr. Spent $5,000 on a Haircut and Made Ronaldo Furious!",653
DCF7Q891VEw,WHO'S NEXT?! 🤔⚽️,654
id3npsiQBis,Faker COST MORE Than A WHOLE TEAM,655
4qDO7sws-ec,He celebrated before the result😨,656
QYil8MJ7-yY,Two of the BEST Teams in Texas Face Off TONIGHT! (Duncanville vs DeSoto),657
BQ_XxDAQVDA,🚫 SKILL NOT ALLOWED ⚠️ #gymnastics #banned #skills #shorts,658
sORCHhudmhA,Do NBA Players Lie ￼About Their Height? #funny #fyp #shorts,659
7HBAplLXy_o,Players vs Goal Nets 😂,660
dpP2re-Fg4o,Fairly Striking The Ball? - Golf Rules Explained,661
zbEiLUMZzN0,"Bye Week Baseball, Eagles ‘Constipated Offense’ and Defending Kickers with Pat McAfee | Ep 105",662
srUQReqex8g,"The $10,000 Good Good Pro Major",663
inLLM32Sxa0,Obama might be the most famous person in the world #question #nba #brooklynnets,664
pqKaEm108lc,Travis Pastrana punches harder than a UFC light heavyweight champion?? 😂 #ufc307,665
7_bIoo3I5q4,I Made My Own AAU Team and This Happened...,666
TVoLyAwYxfs,Pro Skater Teaches Student to Handle Fear,667
Ny4RQSx1x1A,Best Tournament 🏆 Who do you think is better looking? 😍🐐🔥,668
7TtauON_pDI,Is he ready for the NFL already?!? #youtubeshorts #collegesports #football #footballshorts #nfl,669
1tDP3NxQKKQ,I am Kevin De Burger 🍔,670
nemGLpkGorI,Messi 👽 vs Ronaldo 🐐 vs Ishowspeed 👀 vs Georgina 👄🥵 #shorts #football #fifa,671
0wy2jHIFKEY,LeBron and Bronny getting Black Ops 6 skins?,672
nsJ_2pRG4Dw,His Accuracy is Insane (@jsminigolf),673
X-Fd7NGmJzI,Artur Beterbiev Is The LIGHT HEAVYWEIGHT KING | FIGHT HIGHLIGHTS,674
rnowO7eG54E,He Didn’t Think It Through (@thorbjornsson),675
Kb0x5C6KGz0,AUNTIE NEEDS TO GET ON A FIELD ASAP 🏃🏼‍♀️🏈,676
BzusqtxvO-g,We took her out the country to fight #jiujitsu #wrestling #bjj #ufc #fatherdaughter #martialarts,677
bU8Ll7xuPAA,Ohio State Buckeyes vs. Oregon Ducks | COLLEGE FOOTBALL HIGHLIGHTS | 10/12/24 | NBC Sports,678
LhC-h20L4CE,Kenny's Hilarious REMEDY to Chuck's CRAMPS,679
6KfKcCzXcsU,Going to my first ever NFL game,680
TywhZI7XNM0,WELCOME TO SCHOOL FOOTBALL⚽️ PART 1,681
-flNGCqc1o8,Footballers Vs Corner Flags 😱,682
CZlnQXpilPs,#16u if i say he leaned into it then he gets to keep hitting 🤷‍♂️ #baseball #umpire #sports,683
Urcpb-r5P6s,Neuer's Nightmare 😈,684
JyuhwwaOOJo,El Terrible castigo que Recibio el fanfarron boxeador BOCON,685
POcubbhrSxA,Moments When Athletes Celebrated Too Soon😱🤣,686
07mRKADZTOk,Hizo el contragolpe más explosivo del fútbol,687
YLSezk-tIx8,Part 2 | which touch is the best @jeremylynch  #recommended #viralshort #football,688
VRk5ZBlvMz8,Palmer VS Yildiz VS Grealish VS Haaland VS Messi VS Ronaldo Epic Jumps😮,689
qRVRKdlz4yU,NBA refs will do ANYTHING for money 🤣,690
CmudYZi9Vdk,this man gave his cap to this women in the crowd,691
t8nFl0Z4pB0,She Thinks Everyone Is Ronaldo… (Boy vs. Girl),692
TX6tbkGi6yw,Coach warns players to lower their stance. #movie #shorts #viral,693
ARZWauHjcqY,Ronaldo Jr Hates Ishowspeed 🙄💔,694
vTobZczCqU4,The Walk of Shame 🤣 #baseballcoach #baseball #comedy #dad #strikeout,695
_aOoXWdS7O8,Will you join? 😳😂☠️ #mma #martialarts #ufc #bjj #jiujitsu #judo #sambo #funnyshorts #markmugen,696
ODqyW05Ao0A,He think he tough💀😭#nfl #football,697
-iUD8BSdVY8,I Got My Tryouts Result Back…,698
ZFwoQQrnkBE,Those darn millennials #funny #comedy #shorts #youtube #song #music #fight,699
h-DIu7WFmQs,"Esto de Jese, un aficionado y Sergio Ramos es. historia 😂 #realmadrid #humor #ramos #futbolespanol",700
4zMArxOZDMs,Grace charis golf slow motion #gracecharis #golfshorts,701
G3uciJewsV0,This sneaky fighter did the rat act and regretted it greatly....,702
TH_AZLfL2x8,How many kick ups can they do? 😬⚽️🏟  #football #manchester #manutd #kickups,703
_uN3BKaGKZ4,Always Listen To Your Coach 🥊 (@tulin.elekberova),704
qkaEQeFXRA4,Madden vs CFB25 - Who will Win?,705
rOrgA-_hk9k,"""Who Will Fix Celine's Jersey? 👕🎨""mr beast ronaldo ıshowspeed",706
ZGCxQPp3SAs,THE FAN WHO RAN ONTO THE PITCH TO TAKE A PHOTO WITH RONALDO 😅,707
r7COBicd7DQ,"Chiefs underdogs vs. 49ers, Is Patrick Mahomes in danger of losing the MVP? | FIRST THINGS FIRST",708
ZqYiZQNdJYo,Who’s faster XAVIER WORTHY or TYREEK HILL??💨 #nfl #football #shorts #tyreekhill #xavierworthy,709
